timestamp,cnt,t1,tF,t2,hum,wind_speed,weather_code,is_holiday,is_weekend,season
2015-01-04 14:00:00,1039,2.5,36.5,0.0,90.0,8.0,3.0,0.0,1.0,3.0
2015-01-04 15:00:00,869,2.0,35.6,-1.5,93.0,11.0,3.0,0.0,1.0,3.0
2015-01-04 20:00:00,328,3.0,37.4,3.0,93.0,4.0,3.0,0.0,1.0,3.0
2015-01-05 12:00:00,762,10.0,50.0,8.0,85.0,11.0,3.0,0.0,0.0,3.0
2015-01-05 19:00:00,1274,9.0,48.2,6.5,71.0,14.0,3.0,0.0,0.0,3.0
2015-01-05 22:00:00,324,9.0,48.2,7.5,71.0,10.0,4.0,0.0,0.0,3.0
2015-01-06 04:00:00,40,8.5,47.3,6.5,73.5,11.0,4.0,0.0,0.0,3.0
2015-01-06 07:00:00,1715,9.0,48.2,7.0,82.0,13.0,3.0,0.0,0.0,3.0
2015-01-06 19:00:00,1402,6.0,42.8,3.0,76.0,15.0,1.0,0.0,0.0,3.0
2015-01-06 21:00:00,494,5.0,41.0,2.0,81.0,15.0,1.0,0.0,0.0,3.0
2015-01-07 15:00:00,794,9.0,48.2,6.0,68.5,25.0,2.0,0.0,0.0,3.0
2015-01-08 05:00:00,87,12.0,53.6,12.0,80.0,20.5,7.0,0.0,0.0,3.0
2015-01-11 07:00:00,93,5.0,41.0,1.0,66.0,24.0,1.0,0.0,1.0,3.0
2015-01-11 23:00:00,168,9.0,48.2,5.0,71.0,30.5,3.0,0.0,1.0,3.0
2015-01-12 15:00:00,374,12.0,53.6,12.0,82.0,25.0,7.0,0.0,0.0,3.0
2015-01-13 07:00:00,1584,9.5,49.1,6.5,79.0,21.0,7.0,0.0,0.0,3.0
2015-01-13 22:00:00,501,5.0,41.0,2.0,76.0,17.0,1.0,0.0,0.0,3.0
2015-01-14 03:00:00,54,4.5,40.1,0.5,72.5,21.0,1.0,0.0,0.0,3.0
2015-01-15 14:00:00,828,9.0,48.2,5.0,60.0,30.5,2.0,0.0,0.0,3.0
2015-01-16 09:00:00,1980,6.0,42.8,3.0,71.0,13.0,2.0,0.0,0.0,3.0
2015-01-17 12:00:00,1360,6.5,43.7,3.5,73.5,17.0,2.0,0.0,1.0,3.0
2015-01-17 13:00:00,1421,6.0,42.8,2.5,73.5,20.5,2.0,0.0,1.0,3.0
2015-01-17 16:00:00,1257,6.0,42.8,3.0,71.0,15.0,1.0,0.0,1.0,3.0
2015-01-17 22:00:00,328,5.0,41.0,3.0,76.0,7.0,2.0,0.0,1.0,3.0
2015-01-18 02:00:00,268,5.0,41.0,3.0,81.0,8.0,7.0,0.0,1.0,3.0
2015-01-21 19:00:00,1359,3.0,37.4,0.0,87.0,13.0,7.0,0.0,0.0,3.0
2015-01-23 23:00:00,299,8.0,46.4,4.0,87.0,24.0,7.0,0.0,0.0,3.0
2015-01-24 14:00:00,1796,7.0,44.6,4.0,61.0,20.0,2.0,0.0,1.0,3.0
2015-01-24 20:00:00,526,4.5,40.1,1.5,70.0,13.0,1.0,0.0,1.0,3.0
2015-01-25 02:00:00,216,2.0,35.6,-1.0,81.0,10.0,1.0,0.0,1.0,3.0
2015-01-25 06:00:00,83,2.0,35.6,-2.0,87.0,13.0,1.0,0.0,1.0,3.0
2015-01-25 08:00:00,226,3.0,37.4,-0.5,81.0,15.0,1.0,0.0,1.0,3.0
2015-01-25 18:00:00,810,8.0,46.4,5.0,73.5,19.5,3.0,0.0,1.0,3.0
2015-01-27 02:00:00,30,5.0,41.0,2.0,76.0,14.0,1.0,0.0,0.0,3.0
2015-01-28 01:00:00,78,7.0,44.6,3.0,76.0,23.0,3.0,0.0,0.0,3.0
2015-01-29 03:00:00,38,3.0,37.4,-2.5,75.0,29.5,2.0,0.0,0.0,3.0
2015-01-29 09:00:00,1905,4.5,40.1,-0.5,72.5,26.0,2.0,0.0,0.0,3.0
2015-01-29 19:00:00,1237,3.0,37.4,-2.0,75.0,26.0,2.0,0.0,0.0,3.0
2015-01-30 18:00:00,1940,5.5,41.9,1.5,66.0,19.5,1.0,0.0,0.0,3.0
2015-01-31 00:00:00,379,2.0,35.6,-2.0,81.0,16.0,1.0,0.0,1.0,3.0
2015-02-01 20:00:00,380,3.5,38.3,0.0,58.0,17.0,3.0,0.0,1.0,3.0
2015-02-02 09:00:00,1704,1.5,34.7,-2.5,62.5,15.0,1.0,0.0,0.0,3.0
2015-02-02 12:00:00,765,2.5,36.5,-1.5,58.0,14.0,1.0,0.0,0.0,3.0
2015-02-04 00:00:00,105,2.0,35.6,-1.5,87.0,11.0,3.0,0.0,0.0,3.0
2015-02-05 05:00:00,100,3.0,37.4,-1.0,81.0,17.0,2.0,0.0,0.0,3.0
2015-02-06 18:00:00,1777,3.0,37.4,-1.0,70.0,16.0,1.0,0.0,0.0,3.0
2015-02-07 00:00:00,286,1.5,34.7,-2.5,84.0,14.0,1.0,0.0,1.0,3.0
2015-02-07 01:00:00,240,1.0,33.8,-3.0,87.0,14.0,1.0,0.0,1.0,3.0
2015-02-07 12:00:00,1165,5.5,41.9,2.5,81.5,13.0,3.0,0.0,1.0,3.0
2015-02-07 16:00:00,1104,5.0,41.0,2.0,81.0,16.0,3.0,0.0,1.0,3.0
2015-02-07 22:00:00,322,4.5,40.1,2.0,84.0,10.0,2.0,0.0,1.0,3.0
2015-02-08 05:00:00,66,4.0,39.2,1.5,81.0,9.0,1.0,0.0,1.0,3.0
2015-02-09 09:00:00,1729,5.0,41.0,2.5,87.0,10.0,4.0,0.0,0.0,3.0
2015-02-11 19:00:00,1473,5.0,41.0,3.5,73.0,6.5,4.0,0.0,0.0,3.0
2015-02-11 22:00:00,595,5.0,41.0,3.5,76.0,7.5,4.0,0.0,0.0,3.0
2015-02-12 04:00:00,51,4.0,39.2,3.0,75.0,6.0,4.0,0.0,0.0,3.0
2015-02-13 00:00:00,218,2.5,36.5,-1.0,87.0,11.0,2.0,0.0,0.0,3.0
2015-02-13 05:00:00,81,6.0,42.8,3.0,87.0,19.0,7.0,0.0,0.0,3.0
2015-02-15 05:00:00,71,6.0,42.8,4.0,93.0,7.0,4.0,0.0,1.0,3.0
2015-02-15 07:00:00,83,6.0,42.8,4.0,93.0,11.0,3.0,0.0,1.0,3.0
2015-02-15 13:00:00,1616,8.5,47.3,7.5,73.5,7.0,3.0,0.0,1.0,3.0
2015-02-16 19:00:00,748,6.5,43.7,3.5,90.0,17.0,7.0,0.0,0.0,3.0
2015-02-17 00:00:00,102,5.5,41.9,2.5,81.0,17.0,1.0,0.0,0.0,3.0
2015-02-17 04:00:00,30,4.0,39.2,1.0,81.0,13.0,1.0,0.0,0.0,3.0
2015-02-17 06:00:00,506,4.0,39.2,1.0,81.0,13.0,1.0,0.0,0.0,3.0
2015-02-17 16:00:00,1623,8.0,46.4,6.0,53.0,11.0,1.0,0.0,0.0,3.0
2015-02-18 08:00:00,3582,4.5,40.1,2.5,72.5,8.0,1.0,0.0,0.0,3.0
2015-02-18 12:00:00,1225,10.0,50.0,7.0,58.0,21.0,2.0,0.0,0.0,3.0
2015-02-19 08:00:00,3559,7.0,44.6,4.0,76.0,18.5,2.0,0.0,0.0,3.0
2015-02-20 05:00:00,76,7.0,44.6,5.0,93.0,13.0,7.0,0.0,0.0,3.0
2015-02-22 10:00:00,871,5.5,41.9,1.5,70.5,19.5,1.0,0.0,1.0,3.0
2015-02-22 18:00:00,255,6.5,43.7,1.5,87.0,33.5,7.0,0.0,1.0,3.0
2015-02-23 05:00:00,94,6.0,42.8,3.0,76.0,14.0,7.0,0.0,0.0,3.0
2015-02-23 06:00:00,503,6.0,42.8,3.0,76.0,16.0,1.0,0.0,0.0,3.0
2015-02-23 10:00:00,746,7.5,45.5,3.5,64.0,26.0,2.0,0.0,0.0,3.0
2015-02-23 18:00:00,2470,6.0,42.8,2.0,61.0,23.0,1.0,0.0,0.0,3.0
2015-02-23 22:00:00,324,6.0,42.8,1.0,68.5,30.5,2.0,0.0,0.0,3.0
2015-02-24 20:00:00,840,7.0,44.6,3.0,63.5,22.0,2.0,0.0,0.0,3.0
2015-02-25 22:00:00,538,10.0,50.0,9.0,82.0,8.0,4.0,0.0,0.0,3.0
2015-02-26 14:00:00,371,10.0,50.0,8.5,88.0,21.5,7.0,0.0,0.0,3.0
2015-02-27 11:00:00,913,7.5,45.5,5.0,59.0,14.0,2.0,0.0,0.0,3.0
2015-02-27 21:00:00,504,6.0,42.8,3.5,76.0,12.0,1.0,0.0,0.0,3.0
2015-03-01 15:00:00,1784,11.5,52.7,11.5,48.5,28.5,2.0,0.0,1.0,0.0
2015-03-02 06:00:00,496,4.0,39.2,0.0,81.0,19.5,1.0,0.0,0.0,0.0
2015-03-02 15:00:00,897,9.0,48.2,5.0,35.5,35.0,1.0,0.0,0.0,0.0
2015-03-04 03:00:00,24,4.0,39.2,0.0,75.0,18.0,1.0,0.0,0.0,0.0
2015-03-04 04:00:00,22,4.0,39.2,0.0,78.0,19.0,1.0,0.0,0.0,0.0
2015-03-06 10:00:00,940,10.0,50.0,7.0,62.0,22.0,2.0,0.0,0.0,0.0
2015-03-06 17:00:00,2879,10.5,50.9,9.0,58.0,20.0,1.0,0.0,0.0,0.0
2015-03-07 23:00:00,409,9.0,48.2,7.0,82.0,11.0,1.0,0.0,1.0,0.0
2015-03-08 05:00:00,70,7.5,45.5,5.0,87.0,12.0,2.0,0.0,1.0,0.0
2015-03-08 09:00:00,775,10.5,50.9,9.5,74.0,15.0,1.0,0.0,1.0,0.0
2015-03-10 06:00:00,614,7.0,44.6,6.0,78.5,6.5,1.0,0.0,0.0,0.0
2015-03-10 23:00:00,304,5.0,41.0,2.5,81.0,10.0,1.0,0.0,0.0,0.0
2015-03-13 08:00:00,3609,8.5,47.3,6.5,64.0,11.0,1.0,0.0,0.0,0.0
2015-03-13 09:00:00,1948,9.5,49.1,6.5,58.0,19.5,1.0,0.0,0.0,0.0
2015-03-13 12:00:00,1235,11.0,51.8,11.0,44.0,29.5,1.0,0.0,0.0,0.0
2015-03-14 01:00:00,238,3.0,37.4,-0.5,75.0,14.0,1.0,0.0,1.0,0.0
2015-03-14 09:00:00,859,7.0,44.6,4.0,66.0,20.0,2.0,0.0,1.0,0.0
2015-03-14 15:00:00,1617,9.0,48.2,6.0,50.0,22.0,2.0,0.0,1.0,0.0
2015-03-15 01:00:00,276,5.0,41.0,2.0,93.0,16.0,7.0,0.0,1.0,0.0
2015-03-15 03:00:00,120,6.0,42.8,3.0,87.0,15.0,7.0,0.0,1.0,0.0
2015-03-15 04:00:00,83,6.0,42.8,3.0,87.0,15.0,7.0,0.0,1.0,0.0
2015-03-15 08:00:00,221,6.0,42.8,3.0,87.0,19.0,7.0,0.0,1.0,0.0
2015-03-16 16:00:00,1312,8.0,46.4,5.0,71.0,19.5,3.0,0.0,0.0,0.0
2015-03-16 23:00:00,229,6.0,42.8,4.0,90.0,7.0,4.0,0.0,0.0,0.0
2015-03-17 11:00:00,793,8.5,47.3,7.5,90.0,6.5,7.0,0.0,0.0,0.0
2015-03-17 23:00:00,319,7.0,44.6,5.0,93.0,11.0,2.0,0.0,0.0,0.0
2015-03-18 12:00:00,1138,9.0,48.2,7.0,71.0,15.0,3.0,0.0,0.0,0.0
2015-03-18 17:00:00,2961,9.0,48.2,7.0,71.0,11.0,3.0,0.0,0.0,0.0
2015-03-19 04:00:00,37,7.0,44.6,4.0,81.0,16.0,4.0,0.0,0.0,0.0
2015-03-19 14:00:00,860,8.0,46.4,5.5,76.0,14.0,3.0,0.0,0.0,0.0
2015-03-20 11:00:00,832,6.0,42.8,6.0,81.0,4.0,3.0,0.0,0.0,0.0
2015-03-21 09:00:00,744,8.0,46.4,4.5,68.5,23.0,3.0,0.0,1.0,0.0
2015-03-21 13:00:00,1377,8.0,46.4,5.0,62.0,20.5,4.0,0.0,1.0,0.0
2015-03-21 14:00:00,1315,8.0,46.4,5.0,62.0,22.0,4.0,0.0,1.0,0.0
2015-03-22 00:00:00,318,6.0,42.8,3.5,71.0,14.0,4.0,0.0,1.0,0.0
2015-03-22 07:00:00,166,5.0,41.0,2.0,66.0,14.0,4.0,0.0,1.0,0.0
2015-03-23 03:00:00,31,3.0,37.4,0.5,84.0,8.0,4.0,0.0,0.0,0.0
2015-03-23 21:00:00,554,9.0,48.2,7.0,82.0,11.0,4.0,0.0,0.0,0.0
2015-03-24 03:00:00,27,6.5,43.7,4.5,81.5,12.0,7.0,0.0,0.0,0.0
2015-03-24 14:00:00,832,8.5,47.3,7.0,58.0,8.5,7.0,0.0,0.0,0.0
2015-03-25 18:00:00,2788,9.0,48.2,9.0,46.5,4.0,1.0,0.0,0.0,0.0
2015-03-26 15:00:00,983,12.0,53.6,12.0,52.5,29.5,2.0,0.0,0.0,0.0
2015-03-26 16:00:00,1357,12.0,53.6,12.0,51.0,29.0,2.0,0.0,0.0,0.0
2015-03-26 22:00:00,506,8.5,47.3,5.5,58.0,22.0,1.0,0.0,0.0,0.0
2015-03-28 12:00:00,1508,13.5,56.3,13.5,74.5,35.0,3.0,0.0,1.0,0.0
2015-03-29 17:00:00,875,13.0,55.4,13.0,55.0,40.5,2.0,0.0,1.0,0.0
2015-03-31 16:00:00,1271,11.0,51.8,8.5,54.5,42.5,7.0,0.0,0.0,0.0
2015-04-01 10:00:00,903,9.5,49.1,5.5,50.5,33.0,2.0,0.0,0.0,0.0
2015-04-01 12:00:00,1094,10.0,50.0,6.0,48.5,38.0,2.0,0.0,0.0,0.0
2015-04-02 01:00:00,76,9.5,49.1,5.5,91.0,31.0,7.0,0.0,0.0,0.0
2015-04-02 15:00:00,1279,11.0,51.8,11.0,42.5,10.0,1.0,0.0,0.0,0.0
2015-04-02 17:00:00,2679,11.5,52.7,11.5,42.5,10.0,1.0,0.0,0.0,0.0
2015-04-03 00:00:00,279,8.0,46.4,6.0,82.0,10.0,7.0,1.0,0.0,0.0
2015-04-03 22:00:00,283,9.5,49.1,9.0,97.0,6.5,7.0,1.0,0.0,0.0
2015-04-04 09:00:00,478,8.5,47.3,6.0,81.5,18.5,3.0,0.0,1.0,0.0
2015-04-04 11:00:00,894,8.5,47.3,5.5,84.5,17.0,3.0,0.0,1.0,0.0
2015-04-04 23:00:00,334,8.0,46.4,7.5,76.0,5.0,4.0,0.0,1.0,0.0
2015-04-06 11:00:00,1807,14.5,58.1,14.5,57.0,14.0,2.0,1.0,0.0,0.0
2015-04-06 20:00:00,656,9.0,48.2,7.0,71.0,15.0,3.0,1.0,0.0,0.0
2015-04-07 01:00:00,86,6.0,42.8,5.0,81.0,5.5,1.0,0.0,0.0,0.0
2015-04-07 13:00:00,1388,15.5,59.9,15.5,51.5,5.0,1.0,0.0,0.0,0.0
2015-04-07 17:00:00,3721,17.5,63.5,17.5,47.5,10.0,2.0,0.0,0.0,0.0
2015-04-08 18:00:00,3513,13.5,56.3,13.5,63.0,22.0,2.0,0.0,0.0,0.0
2015-04-08 19:00:00,2058,12.0,53.6,12.0,67.0,19.0,1.0,0.0,0.0,0.0
2015-04-09 14:00:00,1530,15.5,59.9,15.5,51.5,8.0,1.0,0.0,0.0,0.0
2015-04-09 18:00:00,3533,14.5,58.1,14.5,59.0,18.0,1.0,0.0,0.0,0.0
2015-04-11 13:00:00,2165,13.0,55.4,13.0,44.0,29.0,3.0,0.0,1.0,0.0
2015-04-12 15:00:00,3241,18.0,64.4,18.0,38.5,32.0,1.0,0.0,1.0,0.0
2015-04-13 04:00:00,42,8.0,46.4,7.0,68.5,6.0,4.0,0.0,0.0,0.0
2015-04-15 02:00:00,81,13.0,55.4,13.0,67.0,12.0,1.0,0.0,0.0,0.0
2015-04-16 12:00:00,1265,15.0,59.0,15.0,53.0,27.0,1.0,0.0,0.0,0.0
2015-04-16 20:00:00,1036,11.0,51.8,11.0,60.0,20.5,1.0,0.0,0.0,0.0
2015-04-17 09:00:00,1970,11.5,52.7,11.5,60.5,27.0,2.0,0.0,0.0,0.0
2015-04-17 15:00:00,1536,13.0,55.4,13.0,45.5,29.0,1.0,0.0,0.0,0.0
2015-04-17 17:00:00,3418,12.0,53.6,12.0,58.0,26.0,1.0,0.0,0.0,0.0
2015-04-17 23:00:00,482,8.0,46.4,5.0,73.5,19.5,3.0,0.0,0.0,0.0
2015-04-18 09:00:00,917,9.5,49.1,6.0,71.0,27.0,2.0,0.0,1.0,0.0
2015-04-18 11:00:00,1944,12.0,53.6,12.0,58.0,29.0,2.0,0.0,1.0,0.0
2015-04-19 18:00:00,1487,12.0,53.6,12.0,58.0,11.0,2.0,0.0,1.0,0.0
2015-04-19 21:00:00,463,10.0,50.0,8.5,67.0,10.0,2.0,0.0,1.0,0.0
2015-04-19 23:00:00,225,8.5,47.3,6.5,73.5,10.0,1.0,0.0,1.0,0.0
2015-04-20 06:00:00,603,5.0,41.0,4.5,87.0,5.0,1.0,0.0,0.0,0.0
2015-04-20 11:00:00,989,15.5,59.9,15.5,49.5,19.5,1.0,0.0,0.0,0.0
2015-04-21 11:00:00,1062,15.5,59.9,15.5,45.0,12.0,1.0,0.0,0.0,0.0
2015-04-23 21:00:00,927,9.0,48.2,7.0,82.0,13.0,1.0,0.0,0.0,0.0
2015-04-24 18:00:00,2992,16.5,61.7,16.5,57.5,21.0,2.0,0.0,0.0,0.0
2015-04-24 22:00:00,684,13.0,55.4,13.0,77.0,19.0,2.0,0.0,0.0,0.0
2015-04-26 04:00:00,52,10.0,50.0,9.0,94.0,8.0,7.0,0.0,1.0,0.0
2015-04-26 16:00:00,1673,10.0,50.0,8.0,71.0,14.0,3.0,0.0,1.0,0.0
2015-04-27 08:00:00,4437,7.0,44.6,5.0,68.5,10.0,1.0,0.0,0.0,0.0
2015-04-28 20:00:00,1241,11.0,51.8,11.0,54.0,20.0,1.0,0.0,0.0,0.0
2015-04-30 05:00:00,105,6.5,43.7,3.5,76.0,15.0,1.0,0.0,0.0,0.0
2015-04-30 18:00:00,3438,13.0,55.4,13.0,49.0,16.0,1.0,0.0,0.0,0.0
2015-05-01 10:00:00,1124,10.0,50.0,7.0,60.0,25.0,2.0,0.0,0.0,0.0
2015-05-02 04:00:00,91,7.0,44.6,5.0,76.0,12.0,1.0,0.0,1.0,0.0
2015-05-02 14:00:00,2092,13.0,55.4,13.0,63.0,29.0,2.0,0.0,1.0,0.0
2015-05-03 08:00:00,216,13.5,56.3,13.5,94.0,13.0,7.0,0.0,1.0,0.0
2015-05-07 05:00:00,118,11.0,51.8,11.0,77.0,20.0,4.0,0.0,0.0,0.0
2015-05-07 07:00:00,2323,11.0,51.8,11.0,77.0,17.0,2.0,0.0,0.0,0.0
2015-05-08 21:00:00,652,14.0,57.2,14.0,82.0,17.0,7.0,0.0,0.0,0.0
2015-05-09 19:00:00,1902,16.0,60.8,16.0,45.0,25.0,1.0,0.0,1.0,0.0
2015-05-10 11:00:00,2061,16.5,61.7,16.5,57.5,18.0,2.0,0.0,1.0,0.0
2015-05-11 13:00:00,1384,21.5,70.7,21.5,53.0,22.0,2.0,0.0,0.0,0.0
2015-05-11 18:00:00,4059,19.5,67.1,19.5,56.0,22.0,2.0,0.0,0.0,0.0
2015-05-11 20:00:00,1510,17.0,62.6,17.0,64.0,20.0,1.0,0.0,0.0,0.0
2015-05-13 04:00:00,44,8.5,47.3,6.0,73.5,14.0,1.0,0.0,0.0,0.0
2015-05-14 17:00:00,851,10.0,50.0,7.0,88.0,21.0,7.0,0.0,0.0,0.0
2015-05-15 01:00:00,32,9.0,48.2,7.0,94.0,14.0,7.0,0.0,0.0,0.0
2015-05-16 12:00:00,2353,16.5,61.7,16.5,52.0,23.0,2.0,0.0,1.0,0.0
2015-05-18 03:00:00,43,10.5,50.9,9.5,79.5,12.0,2.0,0.0,0.0,0.0
2015-05-18 19:00:00,1987,13.5,56.3,13.5,46.0,34.0,2.0,0.0,0.0,0.0
2015-05-21 10:00:00,1166,15.5,59.9,15.5,53.5,15.0,2.0,0.0,0.0,0.0
2015-05-21 16:00:00,2162,20.0,68.0,20.0,34.0,21.0,1.0,0.0,0.0,0.0
2015-05-24 11:00:00,2176,19.0,66.2,19.0,49.0,16.0,1.0,0.0,1.0,0.0
2015-05-25 07:00:00,252,12.0,53.6,12.0,65.0,15.0,2.0,1.0,0.0,0.0
2015-05-25 17:00:00,2554,16.0,60.8,16.0,55.0,11.0,3.0,1.0,0.0,0.0
2015-05-27 13:00:00,1659,18.5,65.3,18.5,38.5,14.0,1.0,0.0,0.0,0.0
2015-05-27 19:00:00,2404,17.0,62.6,17.0,49.0,26.0,1.0,0.0,0.0,0.0
2015-05-28 15:00:00,1623,17.5,63.5,17.5,34.5,25.0,1.0,0.0,0.0,0.0
2015-05-30 22:00:00,723,12.0,53.6,12.0,69.5,15.0,1.0,0.0,1.0,0.0
2015-05-31 07:00:00,151,14.0,57.2,14.0,88.0,23.0,7.0,0.0,1.0,0.0
2015-05-31 15:00:00,1219,16.0,60.8,16.0,65.5,31.5,3.0,0.0,1.0,0.0
2015-06-01 06:00:00,625,9.5,49.1,7.5,71.5,15.0,1.0,0.0,0.0,1.0
2015-06-01 16:00:00,1645,14.0,57.2,14.0,53.0,28.5,2.0,0.0,0.0,1.0
2015-06-01 21:00:00,591,13.0,55.4,13.0,65.0,27.0,7.0,0.0,0.0,1.0
2015-06-02 13:00:00,906,17.0,62.6,17.0,77.0,38.0,3.0,0.0,0.0,1.0
2015-06-03 12:00:00,1462,17.5,63.5,17.5,41.0,21.0,2.0,0.0,0.0,1.0
2015-06-03 17:00:00,3891,18.5,65.3,18.5,40.0,15.0,1.0,0.0,0.0,1.0
2015-06-06 02:00:00,225,12.0,53.6,12.0,65.0,22.5,1.0,0.0,1.0,1.0
2015-06-06 13:00:00,2742,18.5,65.3,18.5,36.0,28.0,1.0,0.0,1.0,1.0
2015-06-07 21:00:00,1062,14.0,57.2,14.0,74.5,22.0,1.0,0.0,1.0,1.0
2015-06-08 13:00:00,1346,17.0,62.6,17.0,42.0,18.0,1.0,0.0,0.0,1.0
2015-06-09 09:00:00,2347,13.0,55.4,13.0,55.0,26.0,2.0,0.0,0.0,1.0
2015-06-09 12:00:00,1333,14.0,57.2,14.0,46.0,25.0,1.0,0.0,0.0,1.0
2015-06-09 16:00:00,2035,14.0,57.2,14.0,46.0,24.0,3.0,0.0,0.0,1.0
2015-06-11 19:00:00,2632,19.0,66.2,19.0,56.0,25.0,1.0,0.0,0.0,1.0
2015-06-12 07:00:00,2093,15.5,59.9,15.5,74.5,13.0,1.0,0.0,0.0,1.0
2015-06-12 23:00:00,747,17.5,63.5,17.5,85.5,8.0,2.0,0.0,0.0,1.0
2015-06-14 01:00:00,601,15.5,59.9,15.5,79.5,9.0,3.0,0.0,1.0,1.0
2015-06-14 21:00:00,678,14.0,57.2,14.0,77.0,14.0,4.0,0.0,1.0,1.0
2015-06-15 08:00:00,4447,13.0,55.4,13.0,67.0,21.0,3.0,0.0,0.0,1.0
2015-06-15 13:00:00,1513,18.0,64.4,18.0,44.5,19.0,2.0,0.0,0.0,1.0
2015-06-17 14:00:00,1511,24.0,75.2,24.0,57.5,26.0,1.0,0.0,0.0,1.0
2015-06-18 03:00:00,79,18.0,64.4,18.0,78.0,19.5,4.0,0.0,0.0,1.0
2015-06-18 13:00:00,1710,19.5,67.1,19.5,44.5,13.0,1.0,0.0,0.0,1.0
2015-06-18 20:00:00,1743,19.0,66.2,19.0,49.0,19.0,1.0,0.0,0.0,1.0
2015-06-20 21:00:00,719,18.0,64.4,18.0,94.0,10.0,1.0,0.0,1.0,1.0
2015-06-21 02:00:00,354,16.5,61.7,16.5,83.0,23.0,3.0,0.0,1.0,1.0
2015-06-21 18:00:00,2239,19.0,66.2,19.0,46.0,28.0,3.0,0.0,1.0,1.0
2015-06-22 04:00:00,26,12.5,54.5,12.5,85.0,19.5,7.0,0.0,0.0,1.0
2015-06-25 02:00:00,110,15.0,59.0,15.0,72.0,16.0,1.0,0.0,0.0,1.0
2015-06-25 04:00:00,77,14.0,57.2,14.0,77.0,12.0,2.0,0.0,0.0,1.0
2015-06-26 14:00:00,1880,27.0,80.6,27.0,39.0,19.5,1.0,0.0,0.0,1.0
2015-06-26 20:00:00,1505,21.5,70.7,21.5,58.5,24.0,2.0,0.0,0.0,1.0
2015-06-26 22:00:00,1041,20.0,68.0,20.0,69.0,23.0,4.0,0.0,0.0,1.0
2015-06-27 10:00:00,1626,19.5,67.1,19.5,56.0,17.0,2.0,0.0,1.0,1.0
2015-06-30 03:00:00,65,17.0,62.6,17.0,70.5,9.0,1.0,0.0,0.0,1.0
2015-06-30 07:00:00,2772,19.5,67.1,19.5,54.0,5.0,1.0,0.0,0.0,1.0
2015-06-30 21:00:00,1591,21.0,69.8,21.0,58.5,23.0,1.0,0.0,0.0,1.0
2015-07-01 03:00:00,74,20.5,68.9,20.5,66.5,16.0,1.0,0.0,0.0,1.0
2015-07-01 05:00:00,168,20.0,68.0,20.0,75.5,7.5,7.0,0.0,0.0,1.0
2015-07-01 06:00:00,883,20.5,68.9,20.5,75.5,7.0,1.0,0.0,0.0,1.0
2015-07-02 07:00:00,2572,20.5,68.9,20.5,73.5,12.0,1.0,0.0,0.0,1.0
2015-07-02 15:00:00,1759,26.0,78.8,26.0,54.0,13.0,1.0,0.0,0.0,1.0
2015-07-02 19:00:00,2605,22.5,72.5,22.5,63.0,23.0,2.0,0.0,0.0,1.0
2015-07-04 03:00:00,202,19.0,66.2,19.0,94.0,6.0,1.0,0.0,1.0,1.0
2015-07-04 04:00:00,148,19.0,66.2,19.0,94.0,4.0,1.0,0.0,1.0,1.0
2015-07-04 08:00:00,701,21.5,70.7,21.5,78.0,24.0,2.0,0.0,1.0,1.0
2015-07-04 09:00:00,1178,23.5,74.3,23.5,59.5,26.0,1.0,0.0,1.0,1.0
2015-07-04 21:00:00,1450,20.0,68.0,20.0,54.5,17.0,1.0,0.0,1.0,1.0
2015-07-05 06:00:00,236,17.0,62.6,17.0,73.0,10.0,1.0,0.0,1.0,1.0
2015-07-06 11:00:00,1272,20.5,68.9,20.5,47.5,17.0,2.0,0.0,0.0,1.0
2015-07-06 15:00:00,1813,23.0,73.4,22.5,42.5,20.0,2.0,0.0,0.0,1.0
2015-07-08 16:00:00,2839,19.5,67.1,19.5,66.0,29.5,3.0,0.0,0.0,1.0
2015-07-08 18:00:00,4721,20.0,68.0,20.0,49.0,26.0,2.0,0.0,0.0,1.0
2015-07-09 04:00:00,76,14.0,57.2,14.0,63.0,18.0,1.0,0.0,0.0,1.0
2015-07-13 12:00:00,929,19.0,66.2,19.0,88.0,20.0,3.0,0.0,0.0,1.0
2015-07-13 20:00:00,1282,20.0,68.0,20.0,78.0,21.0,3.0,0.0,0.0,1.0
2015-07-14 19:00:00,1985,21.5,70.7,21.5,69.0,12.0,7.0,0.0,0.0,1.0
2015-07-14 22:00:00,656,19.0,66.2,19.0,88.0,12.0,7.0,0.0,0.0,1.0
2015-07-15 14:00:00,1478,19.5,67.1,19.5,75.5,12.0,3.0,0.0,0.0,1.0
2015-07-16 01:00:00,207,17.0,62.6,17.0,66.0,6.0,2.0,0.0,0.0,1.0
2015-07-17 08:00:00,4204,20.5,68.9,20.5,71.0,22.0,3.0,0.0,0.0,1.0
2015-07-17 12:00:00,1781,23.5,74.3,23.5,55.5,25.0,2.0,0.0,0.0,1.0
2015-07-18 00:00:00,840,17.5,63.5,17.5,62.0,23.0,2.0,0.0,1.0,1.0
2015-07-18 08:00:00,643,17.0,62.6,17.0,64.0,17.0,2.0,0.0,1.0,1.0
2015-07-18 22:00:00,775,17.5,63.5,17.5,64.0,15.0,1.0,0.0,1.0,1.0
2015-07-21 06:00:00,819,16.0,60.8,16.0,74.5,18.5,1.0,0.0,0.0,1.0
2015-07-21 11:00:00,1359,22.5,72.5,22.5,51.5,18.5,2.0,0.0,0.0,1.0
2015-07-22 00:00:00,358,18.5,65.3,18.5,66.0,15.0,2.0,0.0,0.0,1.0
2015-07-22 14:00:00,1637,21.5,70.7,21.0,50.0,24.0,1.0,0.0,0.0,1.0
2015-07-23 05:00:00,154,13.5,56.3,13.5,79.5,14.0,1.0,0.0,0.0,1.0
2015-07-23 10:00:00,1357,18.0,64.4,18.0,60.0,14.0,2.0,0.0,0.0,1.0
2015-07-23 15:00:00,1738,21.0,69.8,21.0,41.5,17.0,1.0,0.0,0.0,1.0
2015-07-24 10:00:00,703,17.0,62.6,17.0,70.5,8.0,7.0,0.0,0.0,1.0
2015-07-24 11:00:00,344,16.5,61.7,16.5,80.0,7.0,7.0,0.0,0.0,1.0
2015-07-24 13:00:00,295,16.0,60.8,16.0,83.0,13.0,7.0,0.0,0.0,1.0
2015-07-24 20:00:00,367,14.0,57.2,14.0,94.0,15.0,3.0,0.0,0.0,1.0
2015-07-25 19:00:00,2147,20.0,68.0,20.0,44.5,7.5,1.0,0.0,1.0,1.0
2015-07-26 19:00:00,879,18.0,64.4,18.0,83.0,20.0,2.0,0.0,1.0,1.0
2015-07-27 00:00:00,211,16.0,60.8,16.0,83.0,24.0,7.0,0.0,0.0,1.0
2015-07-27 02:00:00,78,16.0,60.8,16.0,83.0,23.0,3.0,0.0,0.0,1.0
2015-07-27 10:00:00,1016,19.0,66.2,19.0,64.0,24.0,3.0,0.0,0.0,1.0
2015-07-28 21:00:00,1100,16.0,60.8,16.0,63.0,16.0,3.0,0.0,0.0,1.0
2015-07-29 02:00:00,102,13.0,55.4,13.0,77.0,20.0,1.0,0.0,0.0,1.0
2015-07-30 09:00:00,2321,15.5,59.9,15.5,59.0,20.5,3.0,0.0,0.0,1.0
2015-07-30 14:00:00,1558,18.0,64.4,18.0,52.0,19.0,2.0,0.0,0.0,1.0
2015-07-31 14:00:00,1798,21.0,69.8,20.5,35.5,6.5,1.0,0.0,0.0,1.0
2015-08-01 08:00:00,728,15.5,59.9,15.5,61.0,9.0,1.0,0.0,1.0,1.0
2015-08-03 00:00:00,376,18.0,64.4,18.0,64.0,20.0,1.0,0.0,0.0,1.0
2015-08-03 02:00:00,125,18.0,64.4,18.0,66.0,9.0,1.0,0.0,0.0,1.0
2015-08-04 02:00:00,104,17.0,62.6,17.0,77.0,18.0,1.0,0.0,0.0,1.0
2015-08-05 04:00:00,50,16.0,60.8,16.0,72.0,9.0,1.0,0.0,0.0,1.0
2015-08-07 09:00:00,2410,19.5,67.1,19.5,60.0,5.0,2.0,0.0,0.0,1.0
2015-08-08 01:00:00,534,17.0,62.6,17.0,85.5,7.0,1.0,0.0,1.0,1.0
2015-08-08 21:00:00,1336,20.5,68.9,20.5,62.0,6.5,1.0,0.0,1.0,1.0
2015-08-10 11:00:00,1175,22.0,71.6,22.0,65.0,19.5,3.0,0.0,0.0,1.0
2015-08-10 18:00:00,4165,21.0,69.8,21.0,71.0,21.5,3.0,0.0,0.0,1.0
2015-08-10 23:00:00,494,19.0,66.2,19.0,78.0,14.0,3.0,0.0,0.0,1.0
2015-08-11 06:00:00,798,16.0,60.8,16.0,72.0,5.0,2.0,0.0,0.0,1.0
2015-08-11 08:00:00,4384,16.5,61.7,16.5,66.0,6.0,7.0,0.0,0.0,1.0
2015-08-12 05:00:00,133,16.0,60.8,16.0,83.0,8.0,7.0,0.0,0.0,1.0
2015-08-12 15:00:00,1782,21.0,69.8,21.0,60.0,22.0,3.0,0.0,0.0,1.0
2015-08-12 16:00:00,2185,21.0,69.8,21.0,60.0,21.0,2.0,0.0,0.0,1.0
2015-08-14 19:00:00,1228,17.0,62.6,17.0,91.0,13.0,7.0,0.0,0.0,1.0
2015-08-15 22:00:00,828,18.0,64.4,18.0,52.0,5.0,1.0,0.0,1.0,1.0
2015-08-17 08:00:00,4155,15.5,59.9,15.5,63.5,8.0,1.0,0.0,0.0,1.0
2015-08-17 23:00:00,497,19.0,66.2,19.0,52.0,11.0,1.0,0.0,0.0,1.0
2015-08-18 07:00:00,2302,16.0,60.8,16.0,63.0,15.0,1.0,0.0,0.0,1.0
2015-08-18 13:00:00,1453,18.0,64.4,18.0,58.0,20.5,2.0,0.0,0.0,1.0
2015-08-18 16:00:00,2090,19.0,66.2,19.0,50.5,22.0,1.0,0.0,0.0,1.0
2015-08-19 22:00:00,297,16.0,60.8,16.0,88.0,10.0,7.0,0.0,0.0,1.0
2015-08-20 04:00:00,59,17.0,62.6,17.0,88.0,10.0,3.0,0.0,0.0,1.0
2015-08-20 19:00:00,2276,20.0,68.0,20.0,78.0,17.0,3.0,0.0,0.0,1.0
2015-08-22 14:00:00,3883,30.0,86.0,29.5,39.0,22.0,1.0,0.0,1.0,1.0
2015-08-25 08:00:00,4440,15.5,59.9,15.5,70.0,17.0,1.0,0.0,0.0,1.0
2015-08-25 11:00:00,1070,18.0,64.4,18.0,64.0,24.0,2.0,0.0,0.0,1.0
2015-08-25 14:00:00,377,15.5,59.9,15.5,88.0,17.0,7.0,0.0,0.0,1.0
2015-08-25 18:00:00,3348,19.5,67.1,19.5,78.0,24.0,2.0,0.0,0.0,1.0
2015-08-26 04:00:00,58,18.5,65.3,18.5,85.5,22.0,7.0,0.0,0.0,1.0
2015-08-27 05:00:00,119,15.0,59.0,15.0,85.0,12.0,2.0,0.0,0.0,1.0
2015-08-28 02:00:00,146,14.0,57.2,14.0,88.0,8.0,1.0,0.0,0.0,1.0
2015-08-29 01:00:00,515,16.0,60.8,16.0,70.0,10.0,1.0,0.0,1.0,1.0
2015-08-30 03:00:00,272,17.0,62.6,17.0,83.0,7.5,3.0,0.0,1.0,1.0
2015-08-30 04:00:00,194,17.0,62.6,17.0,83.0,6.5,7.0,0.0,1.0,1.0
2015-08-30 10:00:00,1239,18.0,64.4,18.0,75.5,12.0,3.0,0.0,1.0,1.0
2015-08-31 19:00:00,832,15.5,59.9,15.5,85.5,13.0,3.0,1.0,0.0,1.0
2015-09-01 23:00:00,342,14.0,57.2,14.0,88.0,6.5,1.0,0.0,0.0,2.0
2015-09-02 20:00:00,1147,15.0,59.0,15.0,70.0,8.0,7.0,0.0,0.0,2.0
2015-09-04 15:00:00,1373,16.0,60.8,16.0,55.0,16.0,3.0,0.0,0.0,2.0
2015-09-04 22:00:00,677,14.0,57.2,14.0,63.0,8.0,4.0,0.0,0.0,2.0
2015-09-04 23:00:00,584,14.0,57.2,14.0,63.0,8.0,4.0,0.0,0.0,2.0
2015-09-06 14:00:00,2894,18.0,64.4,18.0,47.5,14.0,2.0,0.0,1.0,2.0
2015-09-07 15:00:00,1370,16.0,60.8,16.0,68.0,15.0,3.0,0.0,0.0,2.0
2015-09-08 10:00:00,1033,14.0,57.2,14.0,74.5,10.0,3.0,0.0,0.0,2.0
2015-09-08 14:00:00,1253,16.0,60.8,16.0,63.0,11.0,3.0,0.0,0.0,2.0
2015-09-08 16:00:00,1924,16.5,61.7,16.5,59.5,11.0,2.0,0.0,0.0,2.0
2015-09-08 17:00:00,3861,16.0,60.8,16.0,61.0,15.0,3.0,0.0,0.0,2.0
2015-09-10 11:00:00,1211,19.0,66.2,19.0,50.5,26.0,2.0,0.0,0.0,2.0
2015-09-11 09:00:00,2289,16.5,61.7,16.5,70.0,19.0,1.0,0.0,0.0,2.0
2015-09-15 16:00:00,1679,18.0,64.4,18.0,62.0,27.0,2.0,0.0,0.0,2.0
2015-09-16 18:00:00,1032,14.0,57.2,14.0,94.0,7.0,3.0,0.0,0.0,2.0
2015-09-16 19:00:00,1084,14.0,57.2,14.0,94.0,6.5,3.0,0.0,0.0,2.0
2015-09-16 21:00:00,628,14.0,57.2,14.0,88.0,10.0,3.0,0.0,0.0,2.0
2015-09-18 04:00:00,76,13.0,55.4,13.0,88.0,9.0,1.0,0.0,0.0,2.0
2015-09-18 13:00:00,966,15.0,59.0,15.0,85.0,15.5,7.0,0.0,0.0,2.0
2015-09-19 04:00:00,157,13.0,55.4,13.0,88.0,5.5,3.0,0.0,1.0,2.0
2015-09-19 12:00:00,2808,17.0,62.6,17.0,56.0,7.0,2.0,0.0,1.0,2.0
2015-09-19 21:00:00,790,15.0,59.0,15.0,70.0,2.0,1.0,0.0,1.0,2.0
2015-09-21 02:00:00,75,14.0,57.2,14.0,88.0,6.0,1.0,0.0,0.0,2.0
2015-09-22 10:00:00,464,12.5,54.5,12.5,91.0,10.0,7.0,0.0,0.0,2.0
2015-09-24 21:00:00,792,14.5,58.1,14.5,61.0,19.5,1.0,0.0,0.0,2.0
2015-09-25 01:00:00,191,12.0,53.6,12.0,77.0,15.0,1.0,0.0,0.0,2.0
2015-09-25 16:00:00,2409,17.0,62.6,17.0,47.0,12.0,1.0,0.0,0.0,2.0
2015-09-26 11:00:00,2272,15.5,59.9,15.5,59.0,9.0,2.0,0.0,1.0,2.0
2015-09-28 11:00:00,1076,16.5,61.7,16.5,63.5,24.0,2.0,0.0,0.0,2.0
2015-09-28 19:00:00,2035,15.0,59.0,15.0,72.0,17.0,1.0,0.0,0.0,2.0
2015-09-30 13:00:00,1534,17.5,63.5,17.5,44.0,30.5,2.0,0.0,0.0,2.0
2015-09-30 14:00:00,1373,18.0,64.4,18.0,41.5,32.0,1.0,0.0,0.0,2.0
2015-10-01 01:00:00,162,12.0,53.6,12.0,88.0,5.0,1.0,0.0,0.0,2.0
2015-10-01 04:00:00,54,11.5,52.7,11.5,85.0,13.0,1.0,0.0,0.0,2.0
2015-10-01 13:00:00,1599,17.0,62.6,17.0,56.0,27.0,2.0,0.0,0.0,2.0
2015-10-01 16:00:00,2190,18.0,64.4,18.0,52.0,26.0,1.0,0.0,0.0,2.0
2015-10-03 07:00:00,317,11.0,51.8,11.0,88.0,7.0,3.0,0.0,1.0,2.0
2015-10-04 05:00:00,135,9.5,49.1,8.5,84.5,9.0,4.0,0.0,1.0,2.0
2015-10-04 13:00:00,2964,17.0,62.6,17.0,56.0,10.0,2.0,0.0,1.0,2.0
2015-10-05 11:00:00,527,17.0,62.6,17.0,88.0,15.0,3.0,0.0,0.0,2.0
2015-10-05 12:00:00,676,17.5,63.5,17.5,85.5,15.0,7.0,0.0,0.0,2.0
2015-10-05 23:00:00,154,16.0,60.8,16.0,94.0,12.0,7.0,0.0,0.0,2.0
2015-10-06 07:00:00,2182,16.0,60.8,16.0,94.0,7.0,3.0,0.0,0.0,2.0
2015-10-07 14:00:00,601,14.5,58.1,14.5,88.0,18.0,7.0,0.0,0.0,2.0
2015-10-07 23:00:00,398,13.0,55.4,13.0,67.0,16.0,4.0,0.0,0.0,2.0
2015-10-10 14:00:00,2453,16.0,60.8,16.0,70.0,19.5,3.0,0.0,1.0,2.0
2015-10-10 18:00:00,1705,14.5,58.1,14.5,79.5,17.0,2.0,0.0,1.0,2.0
2015-10-11 03:00:00,310,12.0,53.6,12.0,88.0,6.5,3.0,0.0,1.0,2.0
2015-10-11 07:00:00,281,10.0,50.0,8.0,88.0,13.0,1.0,0.0,1.0,2.0
2015-10-11 11:00:00,1935,13.5,56.3,13.5,69.5,19.5,2.0,0.0,1.0,2.0
2015-10-11 13:00:00,2770,14.0,57.2,14.0,59.0,21.0,2.0,0.0,1.0,2.0
2015-10-11 15:00:00,2853,15.0,59.0,15.0,53.0,18.0,1.0,0.0,1.0,2.0
2015-10-14 18:00:00,3015,12.0,53.6,12.0,77.0,17.0,2.0,0.0,0.0,2.0
2015-10-15 01:00:00,142,10.0,50.0,9.0,88.0,9.0,3.0,0.0,0.0,2.0
2015-10-16 14:00:00,1304,14.0,57.2,14.0,72.0,19.0,3.0,0.0,0.0,2.0
2015-10-17 10:00:00,1390,12.0,53.6,12.0,74.5,15.0,2.0,0.0,1.0,2.0
2015-10-17 21:00:00,583,12.0,53.6,12.0,82.0,9.0,4.0,0.0,1.0,2.0
2015-10-18 14:00:00,2090,15.0,59.0,15.0,65.5,15.0,3.0,0.0,1.0,2.0
2015-10-19 14:00:00,1173,14.0,57.2,14.0,72.0,10.0,3.0,0.0,0.0,2.0
2015-10-20 02:00:00,74,9.0,48.2,8.0,87.0,6.5,1.0,0.0,0.0,2.0
2015-10-21 08:00:00,2139,11.0,51.8,11.0,88.0,15.0,7.0,0.0,0.0,2.0
2015-10-21 09:00:00,792,11.0,51.8,11.0,91.0,16.0,7.0,0.0,0.0,2.0
2015-10-21 23:00:00,378,15.0,59.0,15.0,88.0,16.0,4.0,0.0,0.0,2.0
2015-10-22 15:00:00,1343,14.0,57.2,14.0,59.0,17.5,3.0,0.0,0.0,2.0
2015-10-22 18:00:00,3003,14.0,57.2,14.0,59.0,12.0,3.0,0.0,0.0,2.0
2015-10-22 19:00:00,1801,14.0,57.2,14.0,55.0,12.0,4.0,0.0,0.0,2.0
2015-10-23 02:00:00,107,12.0,53.6,12.0,69.5,0.0,4.0,0.0,0.0,2.0
2015-10-23 14:00:00,1324,14.0,57.2,14.0,57.0,14.0,4.0,0.0,0.0,2.0
2015-10-23 21:00:00,762,13.0,55.4,13.0,63.0,8.0,4.0,0.0,0.0,2.0
2015-10-24 01:00:00,431,12.0,53.6,12.0,77.0,9.0,4.0,0.0,1.0,2.0
2015-10-24 17:00:00,776,14.0,57.2,14.0,82.0,5.0,7.0,0.0,1.0,2.0
2015-10-25 01:00:00,641,9.0,48.2,7.0,80.0,11.666666666666664,1.0,0.0,1.0,2.0
2015-10-25 21:00:00,484,7.0,44.6,5.0,84.0,11.0,1.0,0.0,1.0,2.0
2015-10-28 09:00:00,1256,13.5,56.3,13.5,85.0,15.0,7.0,0.0,0.0,2.0
2015-10-29 16:00:00,1626,15.0,59.0,15.0,85.0,15.0,2.0,0.0,0.0,2.0
2015-10-30 17:00:00,2768,14.5,58.1,14.5,74.5,11.0,7.0,0.0,0.0,2.0
2015-10-31 04:00:00,161,11.5,52.7,11.5,91.0,10.0,3.0,0.0,1.0,2.0
2015-11-01 07:00:00,164,7.0,44.6,7.0,100.0,4.0,4.0,0.0,1.0,2.0
2015-11-01 14:00:00,2341,10.0,50.0,9.5,100.0,6.5,4.0,0.0,1.0,2.0
2015-11-03 09:00:00,2125,11.0,51.8,11.0,88.0,11.0,3.0,0.0,0.0,2.0
2015-11-04 06:00:00,336,12.0,53.6,12.0,94.0,6.0,7.0,0.0,0.0,2.0
2015-11-04 09:00:00,1446,13.0,55.4,13.0,94.0,6.5,7.0,0.0,0.0,2.0
2015-11-05 05:00:00,104,14.5,58.1,14.5,91.0,10.0,7.0,0.0,0.0,2.0
2015-11-05 08:00:00,4366,15.5,59.9,15.5,85.5,14.0,3.0,0.0,0.0,2.0
2015-11-06 17:00:00,2862,18.0,64.4,18.0,83.0,22.0,3.0,0.0,0.0,2.0
2015-11-07 05:00:00,69,16.0,60.8,16.0,91.0,14.0,7.0,0.0,1.0,2.0
2015-11-08 06:00:00,129,10.0,50.0,8.5,94.0,10.0,2.0,0.0,1.0,2.0
2015-11-09 12:00:00,1045,15.0,59.0,15.0,63.0,30.5,3.0,0.0,0.0,2.0
2015-11-09 21:00:00,720,15.0,59.0,15.0,82.0,31.5,4.0,0.0,0.0,2.0
2015-11-11 14:00:00,1099,15.5,59.9,15.5,65.5,27.0,3.0,0.0,0.0,2.0
2015-11-12 08:00:00,4579,12.5,54.5,12.5,91.0,7.5,2.0,0.0,0.0,2.0
2015-11-13 06:00:00,529,10.5,50.9,9.0,64.5,27.0,1.0,0.0,0.0,2.0
2015-11-13 11:00:00,792,11.5,52.7,11.5,67.0,35.5,7.0,0.0,0.0,2.0
2015-11-13 14:00:00,998,10.0,50.0,6.0,62.0,35.0,2.0,0.0,0.0,2.0
2015-11-14 20:00:00,398,15.0,59.0,15.0,82.0,31.5,7.0,0.0,1.0,2.0
2015-11-15 02:00:00,297,16.0,60.8,16.0,72.0,43.0,3.0,0.0,1.0,2.0
2015-11-15 17:00:00,1139,15.0,59.0,15.0,77.0,26.0,3.0,0.0,1.0,2.0
2015-11-16 20:00:00,1044,13.0,55.4,13.0,74.5,17.5,3.0,0.0,0.0,2.0
2015-11-18 14:00:00,967,15.0,59.0,15.0,70.0,38.0,3.0,0.0,0.0,2.0
2015-11-19 09:00:00,2181,13.0,55.4,13.0,74.5,22.0,7.0,0.0,0.0,2.0
2015-11-19 21:00:00,777,10.0,50.0,8.0,88.0,17.0,2.0,0.0,0.0,2.0
2015-11-21 02:00:00,176,4.5,40.1,-0.5,75.5,28.5,7.0,0.0,1.0,2.0
2015-11-21 23:00:00,308,2.0,35.6,-1.5,58.0,11.0,1.0,0.0,1.0,2.0
2015-11-22 23:00:00,205,3.0,37.4,1.5,87.0,6.5,1.0,0.0,1.0,2.0
2015-11-23 03:00:00,26,2.0,35.6,0.0,87.0,6.5,1.0,0.0,0.0,2.0
2015-11-23 22:00:00,378,8.0,46.4,5.0,68.5,20.0,7.0,0.0,0.0,2.0
2015-11-25 02:00:00,68,8.5,47.3,5.5,81.5,18.5,4.0,0.0,0.0,2.0
2015-11-25 14:00:00,958,11.0,51.8,11.0,58.0,21.0,2.0,0.0,0.0,2.0
2015-11-26 18:00:00,2571,10.0,50.0,8.0,88.0,11.0,3.0,0.0,0.0,2.0
2015-11-27 11:00:00,853,13.5,56.3,13.5,85.0,20.5,3.0,0.0,0.0,2.0
2015-11-28 02:00:00,197,6.0,42.8,1.0,71.0,30.5,1.0,0.0,1.0,2.0
2015-12-01 12:00:00,976,15.0,59.0,15.0,68.0,27.0,2.0,0.0,0.0,3.0
2015-12-03 16:00:00,1422,13.0,55.4,13.0,72.0,18.5,2.0,0.0,0.0,3.0
2015-12-05 01:00:00,403,12.0,53.6,12.0,67.0,36.0,2.0,0.0,1.0,3.0
2015-12-06 07:00:00,109,13.0,55.4,13.0,85.0,28.0,7.0,0.0,1.0,3.0
2015-12-06 09:00:00,537,14.0,57.2,14.0,77.0,26.0,3.0,0.0,1.0,3.0
2015-12-07 08:00:00,3999,14.0,57.2,14.0,82.0,17.0,3.0,0.0,0.0,3.0
2015-12-07 09:00:00,1659,14.0,57.2,14.0,82.0,16.0,3.0,0.0,0.0,3.0
2015-12-07 11:00:00,750,14.0,57.2,14.0,82.0,13.0,3.0,0.0,0.0,3.0
2015-12-07 16:00:00,1455,12.5,54.5,12.5,85.0,13.0,2.0,0.0,0.0,3.0
2015-12-08 05:00:00,96,13.0,55.4,13.0,88.0,16.0,7.0,0.0,0.0,3.0
2015-12-08 10:00:00,843,14.0,57.2,14.0,82.0,19.5,2.0,0.0,0.0,3.0
2015-12-08 14:00:00,986,14.0,57.2,14.0,57.0,23.0,2.0,0.0,0.0,3.0
2015-12-08 16:00:00,1376,11.0,51.8,11.0,64.5,23.0,2.0,0.0,0.0,3.0
2015-12-09 07:00:00,2004,6.5,43.7,4.5,78.5,9.0,1.0,0.0,0.0,3.0
2015-12-09 18:00:00,2738,11.0,51.8,11.0,72.0,21.0,1.0,0.0,0.0,3.0
2015-12-10 02:00:00,101,11.0,51.8,11.0,77.0,24.0,7.0,0.0,0.0,3.0
2015-12-10 03:00:00,53,11.0,51.8,11.0,72.0,26.5,4.0,0.0,0.0,3.0
2015-12-10 19:00:00,1046,12.0,53.6,12.0,82.0,24.0,7.0,0.0,0.0,3.0
2015-12-11 21:00:00,525,8.0,46.4,5.5,73.5,14.0,1.0,0.0,0.0,3.0
2015-12-13 02:00:00,194,7.5,45.5,6.0,90.0,8.0,7.0,0.0,1.0,3.0
2015-12-13 18:00:00,817,9.5,49.1,9.0,97.0,6.5,3.0,0.0,1.0,3.0
2015-12-14 05:00:00,97,9.0,48.2,8.0,82.0,9.0,3.0,0.0,0.0,3.0
2015-12-14 19:00:00,1579,10.0,50.0,8.5,82.0,9.0,3.0,0.0,0.0,3.0
2015-12-15 01:00:00,87,9.5,49.1,8.5,94.0,7.0,7.0,0.0,0.0,3.0
2015-12-15 02:00:00,68,10.0,50.0,8.5,94.0,9.0,3.0,0.0,0.0,3.0
2015-12-15 04:00:00,30,10.0,50.0,9.0,94.0,8.0,3.0,0.0,0.0,3.0
2015-12-15 09:00:00,1899,11.0,51.8,11.0,94.0,9.0,3.0,0.0,0.0,3.0
2015-12-15 10:00:00,907,12.0,53.6,12.0,94.0,11.0,3.0,0.0,0.0,3.0
2015-12-15 20:00:00,705,13.0,55.4,13.0,88.0,11.0,7.0,0.0,0.0,3.0
2015-12-16 17:00:00,2483,14.5,58.1,14.5,79.5,17.0,3.0,0.0,0.0,3.0
2015-12-18 06:00:00,459,13.0,55.4,13.0,77.0,17.5,3.0,0.0,0.0,3.0
2015-12-18 08:00:00,3343,13.0,55.4,13.0,79.5,18.0,3.0,0.0,0.0,3.0
2015-12-18 15:00:00,1241,13.5,56.3,13.5,74.5,16.0,2.0,0.0,0.0,3.0
2015-12-18 16:00:00,1615,13.0,55.4,13.0,82.0,16.0,2.0,0.0,0.0,3.0
2015-12-19 07:00:00,197,15.5,59.9,15.5,85.5,18.5,3.0,0.0,1.0,3.0
2015-12-19 08:00:00,394,15.0,59.0,15.0,79.5,22.0,2.0,0.0,1.0,3.0
2015-12-19 14:00:00,1653,16.0,60.8,16.0,68.0,24.0,1.0,0.0,1.0,3.0
2015-12-19 16:00:00,1298,16.0,60.8,16.0,68.0,26.0,1.0,0.0,1.0,3.0
2015-12-20 10:00:00,807,13.0,55.4,13.0,77.0,20.0,1.0,0.0,1.0,3.0
2015-12-20 13:00:00,1306,13.0,55.4,13.0,77.0,16.5,2.0,0.0,1.0,3.0
2015-12-21 12:00:00,637,12.5,54.5,12.5,77.0,33.0,7.0,0.0,0.0,3.0
2015-12-21 19:00:00,1037,12.0,53.6,12.0,67.0,22.0,1.0,0.0,0.0,3.0
2015-12-22 06:00:00,326,15.0,59.0,15.0,79.5,36.0,7.0,0.0,0.0,3.0
2015-12-23 17:00:00,1642,11.0,51.8,11.0,72.0,14.0,2.0,0.0,0.0,3.0
2015-12-23 23:00:00,295,12.0,53.6,12.0,72.0,30.0,4.0,0.0,0.0,3.0
2015-12-24 03:00:00,74,12.0,53.6,12.0,72.0,24.0,3.0,0.0,0.0,3.0
2015-12-26 02:00:00,135,15.0,59.0,15.0,77.0,26.0,3.0,0.0,1.0,3.0
2015-12-26 14:00:00,925,15.0,59.0,15.0,68.0,26.0,4.0,0.0,1.0,3.0
2015-12-27 12:00:00,699,15.0,59.0,15.0,82.0,19.5,3.0,0.0,1.0,3.0
2015-12-27 14:00:00,894,15.0,59.0,15.0,79.5,20.5,3.0,0.0,1.0,3.0
2015-12-28 02:00:00,109,10.5,50.9,10.0,91.0,9.0,1.0,1.0,0.0,3.0
2015-12-28 20:00:00,526,12.0,53.6,12.0,67.0,24.0,1.0,1.0,0.0,3.0
2015-12-29 17:00:00,1299,11.0,51.8,11.0,77.0,18.0,2.0,0.0,0.0,3.0
2015-12-29 20:00:00,488,10.0,50.0,8.0,76.0,14.0,1.0,0.0,0.0,3.0
2015-12-30 15:00:00,961,13.0,55.4,13.0,59.0,28.0,7.0,0.0,0.0,3.0
2015-12-31 08:00:00,783,9.0,48.2,5.5,66.0,26.0,2.0,0.0,0.0,3.0
2015-12-31 22:00:00,470,7.0,44.6,3.0,76.0,24.0,1.0,0.0,0.0,3.0
2016-01-01 07:00:00,96,3.0,37.4,0.0,87.0,12.0,1.0,1.0,0.0,3.0
2016-01-01 16:00:00,514,8.0,46.4,4.5,87.0,23.0,7.0,1.0,0.0,3.0
2016-01-02 00:00:00,102,9.0,48.2,6.0,87.0,24.0,7.0,0.0,1.0,3.0
2016-01-02 17:00:00,383,11.0,51.8,11.0,91.0,16.0,7.0,0.0,1.0,3.0
2016-01-03 08:00:00,171,8.0,46.4,5.0,79.0,15.0,1.0,0.0,1.0,3.0
2016-01-03 16:00:00,357,9.5,49.1,8.0,84.5,10.0,7.0,0.0,1.0,3.0
2016-01-04 05:00:00,102,8.0,46.4,6.0,84.5,11.0,2.0,0.0,0.0,3.0
2016-01-04 18:00:00,2439,8.5,47.3,6.5,82.0,11.0,1.0,0.0,0.0,3.0
2016-01-04 19:00:00,1184,9.0,48.2,7.0,76.0,12.0,1.0,0.0,0.0,3.0
2016-01-05 03:00:00,23,9.0,48.2,8.0,84.5,9.0,2.0,0.0,0.0,3.0
2016-01-05 16:00:00,1315,9.5,49.1,8.5,84.5,6.5,2.0,0.0,0.0,3.0
2016-01-06 13:00:00,867,8.0,46.4,7.0,87.0,6.5,3.0,0.0,0.0,3.0
2016-01-06 15:00:00,782,8.0,46.4,7.5,87.0,5.0,3.0,0.0,0.0,3.0
2016-01-07 19:00:00,1280,7.0,44.6,3.0,61.0,24.0,1.0,0.0,0.0,3.0
2016-01-09 02:00:00,120,9.0,48.2,7.0,87.0,13.0,7.0,0.0,1.0,3.0
2016-01-09 19:00:00,434,10.5,50.9,9.0,82.5,26.0,7.0,0.0,1.0,3.0
2016-01-10 00:00:00,168,7.0,44.6,3.5,81.0,24.5,26.0,0.0,1.0,3.0
2016-01-10 22:00:00,218,7.0,44.6,4.5,81.0,16.5,1.0,0.0,1.0,3.0
2016-01-11 00:00:00,60,7.0,44.6,5.0,78.5,11.0,7.0,0.0,0.0,3.0
2016-01-13 02:00:00,40,6.0,42.8,1.5,76.0,28.0,3.0,0.0,0.0,3.0
2016-01-14 02:00:00,45,5.0,41.0,1.0,87.0,19.5,7.0,0.0,0.0,3.0
2016-01-14 16:00:00,1182,5.0,41.0,0.0,61.0,32.5,2.0,0.0,0.0,3.0
2016-01-15 20:00:00,726,4.0,39.2,0.0,72.5,21.0,1.0,0.0,0.0,3.0
2016-01-15 21:00:00,479,4.0,39.2,0.0,70.0,18.0,1.0,0.0,0.0,3.0
2016-01-16 14:00:00,1595,5.0,41.0,2.0,68.0,12.0,1.0,0.0,1.0,3.0
2016-01-16 16:00:00,1293,4.0,39.2,2.0,70.0,8.0,1.0,0.0,1.0,3.0
2016-01-17 21:00:00,337,4.0,39.2,1.0,70.0,14.0,2.0,0.0,1.0,3.0
2016-01-18 14:00:00,724,4.0,39.2,1.0,67.5,14.0,3.0,0.0,0.0,3.0
2016-01-19 02:00:00,17,-1.0,30.2,-2.5,80.0,3.5,1.0,0.0,0.0,3.0
2016-01-19 04:00:00,25,-1.0,30.2,-1.0,83.0,0.0,1.0,0.0,0.0,3.0
2016-01-19 16:00:00,1350,4.0,39.2,4.0,42.0,0.0,1.0,0.0,0.0,3.0
2016-01-20 08:00:00,3681,-0.5,31.1,-3.5,80.0,8.0,3.0,0.0,0.0,3.0
2016-01-20 17:00:00,2650,4.0,39.2,2.5,75.0,6.5,2.0,0.0,0.0,3.0
2016-01-21 00:00:00,120,0.5,32.9,-1.0,90.0,5.5,1.0,0.0,0.0,3.0
2016-01-21 01:00:00,71,-0.5,31.1,-3.5,96.5,9.0,4.0,0.0,0.0,3.0
2016-01-21 03:00:00,32,-1.0,30.2,-2.5,93.0,3.5,1.0,0.0,0.0,3.0
2016-01-23 10:00:00,1076,8.5,47.3,7.5,87.0,6.5,1.0,0.0,1.0,3.0
2016-01-23 15:00:00,1723,10.5,50.9,9.5,79.5,14.0,2.0,0.0,1.0,3.0
2016-01-23 16:00:00,1419,9.0,48.2,7.0,82.0,13.0,3.0,0.0,1.0,3.0
2016-01-24 20:00:00,547,13.0,55.4,13.0,88.0,9.0,3.0,0.0,1.0,3.0
2016-01-25 00:00:00,152,12.5,54.5,12.5,85.0,9.0,1.0,0.0,0.0,3.0
2016-01-25 21:00:00,587,10.0,50.0,7.0,67.0,20.0,1.0,0.0,0.0,3.0
2016-01-27 19:00:00,1505,11.0,51.8,11.0,72.0,25.0,2.0,0.0,0.0,3.0
2016-01-28 06:00:00,586,5.0,41.0,1.5,76.0,18.5,1.0,0.0,0.0,3.0
2016-01-28 08:00:00,3880,5.0,41.0,2.0,70.0,16.0,1.0,0.0,0.0,3.0
2016-01-29 06:00:00,527,12.0,53.6,12.0,77.0,36.0,3.0,0.0,0.0,3.0
2016-01-29 07:00:00,1724,12.0,53.6,12.0,72.0,34.0,3.0,0.0,0.0,3.0
2016-01-29 08:00:00,3452,12.0,53.6,12.0,72.0,38.0,3.0,0.0,0.0,3.0
2016-01-29 17:00:00,2499,12.0,53.6,12.0,82.0,30.0,3.0,0.0,0.0,3.0
2016-01-29 19:00:00,1171,12.0,53.6,12.0,82.0,33.0,3.0,0.0,0.0,3.0
2016-01-30 06:00:00,72,9.0,48.2,5.5,76.0,28.5,7.0,0.0,1.0,3.0
2016-01-31 08:00:00,217,7.5,45.5,4.5,78.5,15.0,7.0,0.0,1.0,3.0
2016-02-01 04:00:00,34,12.0,53.6,12.0,82.0,31.0,7.0,0.0,0.0,3.0
2016-02-01 05:00:00,95,12.0,53.6,12.0,69.5,30.5,4.0,0.0,0.0,3.0
2016-02-01 20:00:00,851,12.0,53.6,12.0,56.0,43.5,3.0,0.0,0.0,3.0
2016-02-03 15:00:00,929,9.0,48.2,5.5,56.0,26.5,2.0,0.0,0.0,3.0
2016-02-03 18:00:00,2608,7.5,45.5,4.5,61.5,17.5,1.0,0.0,0.0,3.0
2016-02-04 14:00:00,926,13.5,56.3,13.5,67.0,33.0,2.0,0.0,0.0,3.0
2016-02-05 19:00:00,1175,11.0,51.8,11.0,77.0,23.5,7.0,0.0,0.0,3.0
2016-02-05 21:00:00,451,10.0,50.0,6.5,82.0,28.5,26.0,0.0,0.0,3.0
2016-02-06 12:00:00,1219,12.0,53.6,12.0,69.5,37.0,3.0,0.0,1.0,3.0
2016-02-06 13:00:00,1244,12.0,53.6,12.0,67.0,41.0,4.0,0.0,1.0,3.0
2016-02-06 15:00:00,1253,13.0,55.4,13.0,63.0,41.0,2.0,0.0,1.0,3.0
2016-02-06 21:00:00,147,10.0,50.0,6.5,82.0,31.5,7.0,0.0,1.0,3.0
2016-02-07 13:00:00,1684,10.0,50.0,6.0,54.0,35.0,2.0,0.0,1.0,3.0
2016-02-09 14:00:00,851,8.0,46.4,4.0,50.0,29.0,2.0,0.0,0.0,3.0
2016-02-09 19:00:00,1286,5.0,41.0,1.0,76.0,23.0,2.0,0.0,0.0,3.0
2016-02-11 05:00:00,95,3.0,37.4,0.0,87.0,11.0,1.0,0.0,0.0,3.0
2016-02-13 01:00:00,264,3.0,37.4,2.0,90.0,5.5,1.0,0.0,1.0,3.0
2016-02-15 11:00:00,662,4.5,40.1,-0.5,68.0,25.0,2.0,0.0,0.0,3.0
2016-02-15 14:00:00,869,6.5,43.7,3.0,59.0,19.5,3.0,0.0,0.0,3.0
2016-02-15 18:00:00,2462,5.0,41.0,2.0,70.0,13.0,2.0,0.0,0.0,3.0
2016-02-16 09:00:00,1731,2.5,36.5,0.0,84.0,8.0,1.0,0.0,0.0,3.0
2016-02-18 02:00:00,23,4.5,40.1,1.5,90.0,15.0,7.0,0.0,0.0,3.0
2016-02-18 17:00:00,2616,7.0,44.6,5.0,51.0,11.0,1.0,0.0,0.0,3.0
2016-02-20 07:00:00,171,9.5,49.1,6.5,79.0,21.0,2.0,0.0,1.0,3.0
2016-02-21 11:00:00,1071,13.0,55.4,13.0,82.0,32.0,4.0,0.0,1.0,3.0
2016-02-21 21:00:00,335,13.0,55.4,13.0,77.0,30.5,3.0,0.0,1.0,3.0
2016-02-21 23:00:00,210,13.0,55.4,13.0,77.0,30.0,3.0,0.0,1.0,3.0
2016-02-23 01:00:00,69,6.0,42.8,3.5,68.5,12.0,1.0,0.0,0.0,3.0
2016-02-24 02:00:00,49,2.0,35.6,2.0,87.0,4.0,1.0,0.0,0.0,3.0
2016-02-24 14:00:00,998,7.5,45.5,7.0,44.5,5.0,2.0,0.0,0.0,3.0
2016-02-24 17:00:00,2756,6.5,43.7,5.0,47.5,7.0,1.0,0.0,0.0,3.0
2016-02-24 22:00:00,504,3.0,37.4,3.0,70.0,4.0,1.0,0.0,0.0,3.0
2016-02-27 01:00:00,310,4.5,40.1,2.0,72.5,10.0,1.0,0.0,1.0,3.0
2016-02-27 07:00:00,218,4.0,39.2,0.5,70.0,16.0,2.0,0.0,1.0,3.0
2016-02-28 03:00:00,132,3.0,37.4,-1.0,70.0,19.0,3.0,0.0,1.0,3.0
2016-02-29 07:00:00,1825,2.5,36.5,2.5,78.0,4.0,1.0,0.0,0.0,3.0
2016-02-29 21:00:00,536,6.0,42.8,3.5,61.0,12.0,1.0,0.0,0.0,3.0
2016-03-03 22:00:00,370,7.0,44.6,3.5,78.5,21.0,7.0,0.0,0.0,0.0
2016-03-03 23:00:00,260,7.0,44.6,3.5,87.0,21.0,7.0,0.0,0.0,0.0
2016-03-04 00:00:00,117,7.0,44.6,3.5,90.0,22.0,7.0,0.0,0.0,0.0
2016-03-04 08:00:00,3530,4.5,40.1,0.5,72.5,20.0,1.0,0.0,0.0,0.0
2016-03-06 20:00:00,379,5.0,41.0,2.5,66.0,10.0,1.0,0.0,1.0,0.0
2016-03-07 06:00:00,523,2.0,35.6,-1.5,75.0,12.0,2.0,0.0,0.0,0.0
2016-03-09 00:00:00,108,8.0,46.4,5.0,93.0,17.5,7.0,0.0,0.0,0.0
2016-03-09 02:00:00,28,8.0,46.4,4.0,93.0,26.0,7.0,0.0,0.0,0.0
2016-03-10 00:00:00,147,6.0,42.8,4.0,93.0,9.0,4.0,0.0,0.0,0.0
2016-03-10 02:00:00,47,6.0,42.8,4.5,90.0,6.5,4.0,0.0,0.0,0.0
2016-03-10 04:00:00,45,6.0,42.8,4.5,90.0,6.5,4.0,0.0,0.0,0.0
2016-03-10 13:00:00,945,9.0,48.2,7.5,71.0,10.0,3.0,0.0,0.0,0.0
2016-03-12 01:00:00,251,5.0,41.0,4.5,93.0,5.0,4.0,0.0,1.0,0.0
2016-03-13 09:00:00,687,6.0,42.8,3.5,84.5,14.5,2.0,0.0,1.0,0.0
2016-03-14 10:00:00,884,6.5,43.7,2.5,73.5,26.0,2.0,0.0,0.0,0.0
2016-03-15 07:00:00,2133,6.0,42.8,3.5,87.0,11.0,3.0,0.0,0.0,0.0
2016-03-15 15:00:00,996,8.5,47.3,5.5,79.0,17.0,3.0,0.0,0.0,0.0
2016-03-18 04:00:00,53,3.0,37.4,0.0,87.0,11.0,4.0,0.0,0.0,0.0
2016-03-19 05:00:00,86,6.0,42.8,3.5,84.0,12.0,7.0,0.0,1.0,0.0
2016-03-19 07:00:00,208,6.0,42.8,3.5,87.0,13.0,3.0,0.0,1.0,0.0
2016-03-20 00:00:00,374,6.0,42.8,3.0,73.5,17.0,4.0,0.0,1.0,0.0
2016-03-22 12:00:00,1230,12.0,53.6,12.0,47.0,9.0,2.0,0.0,0.0,0.0
2016-03-23 10:00:00,936,9.5,49.1,9.0,64.0,5.0,3.0,0.0,0.0,0.0
2016-03-24 03:00:00,53,7.5,45.5,5.5,68.5,13.0,1.0,0.0,0.0,0.0
2016-03-24 20:00:00,386,9.0,48.2,6.0,87.0,20.0,7.0,0.0,0.0,0.0
2016-03-27 14:00:00,553,10.5,50.9,8.5,64.5,42.5,7.0,0.0,1.0,0.0
2016-03-28 00:00:00,56,9.0,48.2,5.0,87.0,29.5,7.0,1.0,0.0,0.0
2016-03-28 02:00:00,21,8.0,46.4,3.0,87.0,40.5,7.0,1.0,0.0,0.0
2016-03-28 07:00:00,47,8.0,46.4,3.0,76.0,46.0,3.0,1.0,0.0,0.0
2016-03-28 22:00:00,240,7.0,44.6,3.0,81.0,24.0,1.0,1.0,0.0,0.0
2016-03-30 18:00:00,3189,12.0,53.6,12.0,51.0,13.0,2.0,0.0,0.0,0.0
2016-03-31 02:00:00,94,8.0,46.4,7.0,71.0,6.0,1.0,0.0,0.0,0.0
2016-03-31 05:00:00,104,6.0,42.8,5.0,76.0,6.0,1.0,0.0,0.0,0.0
2016-04-01 00:00:00,216,6.5,43.7,6.5,78.5,2.0,1.0,0.0,0.0,0.0
2016-04-01 06:00:00,495,3.0,37.4,3.0,87.0,2.0,1.0,0.0,0.0,0.0
2016-04-01 20:00:00,855,10.0,50.0,8.0,64.5,15.0,1.0,0.0,0.0,0.0
2016-04-02 05:00:00,94,9.0,48.2,7.0,68.5,11.0,1.0,0.0,1.0,0.0
2016-04-03 20:00:00,458,11.0,51.8,11.0,88.0,14.0,7.0,0.0,1.0,0.0
2016-04-05 13:00:00,1387,14.5,58.1,14.5,51.0,19.5,2.0,0.0,0.0,0.0
2016-04-05 16:00:00,1933,14.5,58.1,14.5,41.5,23.0,1.0,0.0,0.0,0.0
2016-04-05 21:00:00,739,12.5,54.5,12.5,50.5,15.5,1.0,0.0,0.0,0.0
2016-04-06 12:00:00,952,12.5,54.5,12.5,51.0,30.5,2.0,0.0,0.0,0.0
2016-04-07 14:00:00,515,8.0,46.4,4.5,84.5,22.0,7.0,0.0,0.0,0.0
2016-04-07 20:00:00,825,8.5,47.3,7.5,79.0,8.5,2.0,0.0,0.0,0.0
2016-04-11 01:00:00,70,10.0,50.0,8.0,82.0,16.0,2.0,0.0,0.0,0.0
2016-04-12 14:00:00,1241,16.0,60.8,16.0,42.0,18.5,7.0,0.0,0.0,0.0
2016-04-14 11:00:00,965,15.0,59.0,15.0,51.0,7.5,1.0,0.0,0.0,0.0
2016-04-14 14:00:00,1031,16.5,61.7,16.5,48.5,15.0,1.0,0.0,0.0,0.0
2016-04-16 20:00:00,770,7.0,44.6,5.0,63.5,11.0,1.0,0.0,1.0,0.0
2016-04-17 04:00:00,88,4.0,39.2,2.0,81.0,9.0,1.0,0.0,1.0,0.0
2016-04-17 14:00:00,2584,10.5,50.9,9.5,42.0,13.0,1.0,0.0,1.0,0.0
2016-04-18 04:00:00,41,5.5,41.9,2.5,73.5,13.0,1.0,0.0,0.0,0.0
2016-04-18 06:00:00,640,5.5,41.9,2.5,76.0,15.0,1.0,0.0,0.0,0.0
2016-04-18 08:00:00,4163,8.0,46.4,5.0,66.0,18.0,1.0,0.0,0.0,0.0
2016-04-18 09:00:00,2096,9.5,49.1,7.0,60.0,18.0,1.0,0.0,0.0,0.0
2016-04-18 17:00:00,3533,12.0,53.6,12.0,52.5,19.5,3.0,0.0,0.0,0.0
2016-04-19 04:00:00,50,10.0,50.0,8.5,71.0,9.0,1.0,0.0,0.0,0.0
2016-04-19 23:00:00,396,8.0,46.4,5.5,82.0,14.0,1.0,0.0,0.0,0.0
2016-04-22 15:00:00,777,10.5,50.9,9.0,77.0,23.0,7.0,0.0,0.0,0.0
2016-04-22 17:00:00,1350,9.0,48.2,6.0,84.5,21.5,7.0,0.0,0.0,0.0
2016-04-23 05:00:00,72,5.0,41.0,2.5,87.0,10.0,1.0,0.0,1.0,0.0
2016-04-23 22:00:00,463,8.0,46.4,7.5,55.0,5.5,1.0,0.0,1.0,0.0
2016-04-25 11:00:00,775,10.0,50.0,7.0,67.0,23.0,7.0,0.0,0.0,0.0
2016-04-25 14:00:00,901,11.5,52.7,11.5,62.5,27.0,7.0,0.0,0.0,0.0
2016-04-25 22:00:00,351,4.0,39.2,1.5,87.0,10.0,2.0,0.0,0.0,0.0
2016-04-26 06:00:00,700,4.0,39.2,0.0,65.0,18.5,1.0,0.0,0.0,0.0
2016-04-26 09:00:00,2055,6.0,42.8,2.0,63.5,24.0,2.0,0.0,0.0,0.0
2016-04-26 19:00:00,1726,7.0,44.6,3.0,59.0,26.0,2.0,0.0,0.0,0.0
2016-04-27 09:00:00,2091,7.0,44.6,4.0,61.0,15.0,2.0,0.0,0.0,0.0
2016-04-27 22:00:00,285,4.5,40.1,1.5,84.0,11.0,7.0,0.0,0.0,0.0
2016-04-29 19:00:00,1513,10.0,50.0,7.5,46.5,20.5,1.0,0.0,0.0,0.0
2016-04-29 22:00:00,460,8.5,47.3,7.0,55.5,10.0,1.0,0.0,0.0,0.0
2016-04-29 23:00:00,395,8.0,46.4,6.0,62.0,11.0,1.0,0.0,0.0,0.0
2016-04-30 16:00:00,2253,12.0,53.6,12.0,42.5,23.5,1.0,0.0,1.0,0.0
2016-05-01 01:00:00,270,7.0,44.6,6.5,71.0,5.5,1.0,0.0,1.0,0.0
2016-05-01 06:00:00,107,5.5,41.9,4.5,78.5,6.0,1.0,0.0,1.0,0.0
2016-05-01 09:00:00,776,11.5,52.7,11.5,52.5,7.0,1.0,0.0,1.0,0.0
2016-05-02 18:00:00,902,13.5,56.3,13.5,79.5,28.5,7.0,1.0,0.0,0.0
2016-05-03 00:00:00,158,10.0,50.0,7.0,69.0,22.0,1.0,0.0,0.0,0.0
2016-05-03 03:00:00,41,8.5,47.3,6.5,73.5,14.0,1.0,0.0,0.0,0.0
2016-05-03 12:00:00,1314,14.5,58.1,14.5,37.5,17.0,1.0,0.0,0.0,0.0
2016-05-03 13:00:00,1413,14.5,58.1,14.5,39.0,18.0,1.0,0.0,0.0,0.0
2016-05-05 04:00:00,43,8.0,46.4,7.0,79.0,6.5,1.0,0.0,0.0,0.0
2016-05-05 07:00:00,2409,11.5,52.7,11.5,65.0,8.0,1.0,0.0,0.0,0.0
2016-05-05 21:00:00,999,13.0,55.4,13.0,57.0,14.0,1.0,0.0,0.0,0.0
2016-05-06 13:00:00,1941,20.0,68.0,20.0,44.5,21.5,1.0,0.0,0.0,0.0
2016-05-06 16:00:00,2861,21.0,69.8,21.0,43.0,22.0,1.0,0.0,0.0,0.0
2016-05-07 00:00:00,564,13.5,56.3,13.5,79.5,13.0,1.0,0.0,1.0,0.0
2016-05-08 01:00:00,516,14.5,58.1,14.5,70.0,10.0,1.0,0.0,1.0,0.0
2016-05-08 14:00:00,4063,26.0,78.8,26.0,37.0,21.0,1.0,0.0,1.0,0.0
2016-05-10 23:00:00,287,15.0,59.0,15.0,94.0,9.0,7.0,0.0,0.0,0.0
2016-05-11 17:00:00,3420,18.5,65.3,18.5,83.0,14.0,2.0,0.0,0.0,0.0
2016-05-12 02:00:00,52,15.0,59.0,15.0,94.0,6.5,1.0,0.0,0.0,0.0
2016-05-12 04:00:00,45,13.5,56.3,13.5,94.0,10.0,2.0,0.0,0.0,0.0
2016-05-12 17:00:00,4296,22.5,72.5,22.0,44.0,26.0,1.0,0.0,0.0,0.0
2016-05-15 00:00:00,564,8.5,47.3,7.5,68.5,7.0,1.0,0.0,1.0,0.0
2016-05-15 01:00:00,433,8.0,46.4,6.5,71.0,7.5,1.0,0.0,1.0,0.0
2016-05-15 20:00:00,1305,15.0,59.0,15.0,45.0,13.0,1.0,0.0,1.0,0.0
2016-05-16 03:00:00,49,11.0,51.8,11.0,77.0,6.0,4.0,0.0,0.0,0.0
2016-05-17 05:00:00,151,11.0,51.8,11.0,72.0,5.5,1.0,0.0,0.0,0.0
2016-05-17 13:00:00,1501,17.5,63.5,17.5,47.5,20.5,3.0,0.0,0.0,0.0
2016-05-18 14:00:00,879,13.0,55.4,13.0,85.0,8.5,7.0,0.0,0.0,0.0
2016-05-18 18:00:00,2430,12.5,54.5,12.5,79.5,16.0,7.0,0.0,0.0,0.0
2016-05-18 23:00:00,372,12.0,53.6,12.0,88.0,17.0,3.0,0.0,0.0,0.0
2016-05-19 14:00:00,1391,17.0,62.6,17.0,59.0,14.0,3.0,0.0,0.0,0.0
2016-05-21 06:00:00,153,15.0,59.0,15.0,77.0,23.0,3.0,0.0,1.0,0.0
2016-05-21 09:00:00,1032,15.5,59.9,15.5,74.5,24.0,3.0,0.0,1.0,0.0
2016-05-22 00:00:00,616,15.0,59.0,15.0,77.0,18.0,2.0,0.0,1.0,0.0
2016-05-22 02:00:00,311,14.0,57.2,14.0,79.5,12.0,3.0,0.0,1.0,0.0
2016-05-22 15:00:00,3010,18.0,64.4,18.0,49.0,10.0,2.0,0.0,1.0,0.0
2016-05-22 22:00:00,515,13.5,56.3,13.5,85.0,6.0,7.0,0.0,1.0,0.0
2016-05-23 23:00:00,337,13.0,55.4,13.0,85.0,10.0,3.0,0.0,0.0,0.0
2016-05-24 06:00:00,876,10.0,50.0,9.0,79.0,8.0,1.0,0.0,0.0,0.0
2016-05-24 21:00:00,1037,11.5,52.7,11.5,65.0,19.5,1.0,0.0,0.0,0.0
2016-05-24 23:00:00,380,11.0,51.8,11.0,67.0,12.0,3.0,0.0,0.0,0.0
2016-05-26 02:00:00,103,11.0,51.8,11.0,82.0,5.0,4.0,0.0,0.0,0.0
2016-05-26 04:00:00,65,10.5,50.9,10.5,85.0,4.0,3.0,0.0,0.0,0.0
2016-05-26 08:00:00,4704,13.0,55.4,13.0,72.0,6.0,2.0,0.0,0.0,0.0
2016-05-27 03:00:00,80,11.0,51.8,11.0,88.0,15.0,1.0,0.0,0.0,0.0
2016-05-27 16:00:00,2726,20.0,68.0,20.0,58.0,17.0,2.0,0.0,0.0,0.0
2016-05-27 21:00:00,980,15.0,59.0,15.0,79.5,17.0,1.0,0.0,0.0,0.0
2016-05-28 06:00:00,135,11.0,51.8,11.0,88.0,13.0,7.0,0.0,1.0,0.0
2016-05-28 11:00:00,1810,15.0,59.0,15.0,72.0,12.0,2.0,0.0,1.0,0.0
2016-05-29 05:00:00,132,10.0,50.0,8.5,88.0,10.0,2.0,0.0,1.0,0.0
2016-05-29 22:00:00,693,13.5,56.3,13.5,82.0,14.0,3.0,0.0,1.0,0.0
2016-05-30 17:00:00,1889,17.0,62.6,17.0,66.0,24.0,3.0,1.0,0.0,0.0
2016-05-31 08:00:00,1213,11.0,51.8,11.0,94.0,20.0,7.0,0.0,0.0,0.0
2016-06-01 03:00:00,76,13.0,55.4,13.0,88.0,10.0,7.0,0.0,0.0,1.0
2016-06-01 11:00:00,785,13.0,55.4,13.0,88.0,22.0,7.0,0.0,0.0,1.0
2016-06-02 08:00:00,3888,11.0,51.8,11.0,82.0,22.0,3.0,0.0,0.0,1.0
2016-06-02 23:00:00,466,10.0,50.0,8.0,88.0,17.0,4.0,0.0,0.0,1.0
2016-06-03 01:00:00,165,10.0,50.0,8.0,88.0,14.0,4.0,0.0,0.0,1.0
2016-06-03 04:00:00,71,10.0,50.0,8.0,88.0,14.0,4.0,0.0,0.0,1.0
2016-06-03 08:00:00,3555,10.0,50.0,8.0,85.0,14.0,4.0,0.0,0.0,1.0
2016-06-04 06:00:00,158,12.0,53.6,12.0,94.0,7.0,3.0,0.0,1.0,1.0
2016-06-05 03:00:00,256,13.0,55.4,13.0,88.0,7.5,3.0,0.0,1.0,1.0
2016-06-08 05:00:00,127,15.0,59.0,15.0,91.0,3.0,7.0,0.0,0.0,1.0
2016-06-09 18:00:00,4753,19.0,66.2,19.0,62.0,15.0,1.0,0.0,0.0,1.0
2016-06-10 00:00:00,435,15.0,59.0,15.0,79.5,8.5,1.0,0.0,0.0,1.0
2016-06-10 07:00:00,2331,14.0,57.2,14.0,74.5,9.0,1.0,0.0,0.0,1.0
2016-06-10 08:00:00,4312,15.5,59.9,15.5,63.5,6.0,1.0,0.0,0.0,1.0
2016-06-11 23:00:00,853,18.0,64.4,18.0,78.0,6.5,1.0,0.0,1.0,1.0
2016-06-12 21:00:00,634,18.0,64.4,18.0,83.0,10.0,10.0,0.0,1.0,1.0
2016-06-13 18:00:00,3005,17.0,62.6,17.0,77.0,16.0,2.0,0.0,0.0,1.0
2016-06-14 14:00:00,742,18.5,65.3,18.5,68.5,24.0,7.0,0.0,0.0,1.0
2016-06-16 12:00:00,1281,17.0,62.6,17.0,70.5,18.5,7.0,0.0,0.0,1.0
2016-06-17 12:00:00,1456,17.0,62.6,17.0,73.0,12.0,7.0,0.0,0.0,1.0
2016-06-18 01:00:00,323,14.0,57.2,14.0,88.0,13.0,1.0,0.0,1.0,1.0
2016-06-18 18:00:00,2097,16.0,60.8,16.0,68.0,8.0,4.0,0.0,1.0,1.0
2016-06-22 08:00:00,4455,17.5,63.5,17.5,83.0,6.5,3.0,0.0,0.0,1.0
2016-06-22 20:00:00,1692,22.0,71.6,22.0,71.0,8.0,2.0,0.0,0.0,1.0
2016-06-22 23:00:00,296,19.0,66.2,19.0,91.0,10.0,7.0,0.0,0.0,1.0
2016-06-23 11:00:00,1105,21.0,69.8,21.0,85.5,14.0,3.0,0.0,0.0,1.0
2016-06-24 18:00:00,3332,21.0,69.8,21.0,53.0,26.0,2.0,0.0,0.0,1.0
2016-06-25 07:00:00,373,15.0,59.0,15.0,77.0,13.0,2.0,0.0,1.0,1.0
2016-06-25 16:00:00,1578,15.5,59.9,15.5,79.5,12.0,7.0,0.0,1.0,1.0
2016-06-25 21:00:00,771,15.5,59.9,15.5,82.5,9.0,3.0,0.0,1.0,1.0
2016-06-26 01:00:00,462,15.0,59.0,15.0,77.0,18.0,1.0,0.0,1.0,1.0
2016-06-28 16:00:00,1939,18.5,65.3,18.5,46.0,23.0,2.0,0.0,0.0,1.0
2016-06-30 00:00:00,78,15.0,59.0,15.0,85.0,19.5,7.0,0.0,0.0,1.0
2016-06-30 05:00:00,120,14.0,57.2,14.0,94.0,11.0,7.0,0.0,0.0,1.0
2016-07-01 02:00:00,147,17.0,62.6,17.0,77.0,23.0,3.0,0.0,0.0,1.0
2016-07-02 10:00:00,1643,17.0,62.6,17.0,54.0,27.0,2.0,0.0,1.0,1.0
2016-07-02 12:00:00,2243,18.0,64.4,18.0,49.0,26.0,2.0,0.0,1.0,1.0
2016-07-02 23:00:00,894,15.0,59.0,15.0,70.0,20.0,1.0,0.0,1.0,1.0
2016-07-04 17:00:00,4389,19.0,66.2,19.0,66.0,22.0,3.0,0.0,0.0,1.0
2016-07-04 20:00:00,1637,18.0,64.4,18.0,78.0,18.0,3.0,0.0,0.0,1.0
2016-07-04 23:00:00,449,17.0,62.6,17.0,77.0,19.5,3.0,0.0,0.0,1.0
2016-07-05 00:00:00,216,17.0,62.6,17.0,83.0,20.0,3.0,0.0,0.0,1.0
2016-07-06 10:00:00,1381,18.0,64.4,18.0,49.0,8.0,2.0,0.0,0.0,1.0
2016-07-06 12:00:00,1759,19.5,67.1,19.5,43.0,11.0,1.0,0.0,0.0,1.0
2016-07-07 22:00:00,413,19.0,66.2,19.0,68.0,17.0,1.0,0.0,0.0,1.0
2016-07-08 22:00:00,1268,19.0,66.2,19.0,64.0,20.0,2.0,0.0,0.0,1.0
2016-07-09 03:00:00,219,17.0,62.6,17.0,73.0,12.0,1.0,0.0,1.0,1.0
2016-07-09 19:00:00,2026,21.0,69.8,21.0,69.0,20.5,1.0,0.0,1.0,1.0
2016-07-10 06:00:00,157,19.0,66.2,19.0,78.0,17.5,4.0,0.0,1.0,1.0
2016-07-10 12:00:00,1961,19.5,67.1,19.5,80.5,23.0,3.0,0.0,1.0,1.0
2016-07-10 21:00:00,756,18.5,65.3,18.5,70.5,21.0,2.0,0.0,1.0,1.0
2016-07-11 03:00:00,65,17.0,62.6,17.0,77.0,21.0,4.0,0.0,0.0,1.0
2016-07-12 05:00:00,178,14.0,57.2,14.0,82.0,12.0,1.0,0.0,0.0,1.0
2016-07-12 18:00:00,3558,16.5,61.7,16.5,80.0,15.0,2.0,0.0,0.0,1.0
2016-07-13 13:00:00,1290,17.5,63.5,17.5,60.0,23.5,7.0,0.0,0.0,1.0
2016-07-15 02:00:00,135,15.0,59.0,15.0,77.0,11.0,1.0,0.0,0.0,1.0
2016-07-16 06:00:00,162,18.0,64.4,18.0,83.0,20.5,3.0,0.0,1.0,1.0
2016-07-16 18:00:00,2873,25.5,77.9,25.5,55.5,25.0,3.0,0.0,1.0,1.0
2016-07-18 15:00:00,2036,28.5,83.3,27.5,28.5,3.5,1.0,0.0,0.0,1.0
2016-07-18 20:00:00,2361,25.5,77.9,26.0,59.5,17.0,1.0,0.0,0.0,1.0
2016-07-18 21:00:00,1787,24.5,76.1,24.5,63.0,14.0,1.0,0.0,0.0,1.0
2016-07-20 21:00:00,1839,23.5,74.3,23.5,55.5,18.5,1.0,0.0,0.0,1.0
2016-07-20 23:00:00,820,21.5,70.7,21.5,62.5,20.5,1.0,0.0,0.0,1.0
2016-07-21 20:00:00,1841,24.0,75.2,24.0,45.5,9.0,1.0,0.0,0.0,1.0
2016-07-22 22:00:00,1139,19.5,67.1,19.5,66.0,12.0,1.0,0.0,0.0,1.0
2016-07-22 23:00:00,1026,19.0,66.2,19.0,68.0,6.0,1.0,0.0,0.0,1.0
2016-07-24 09:00:00,1091,21.5,70.7,21.5,64.5,18.0,2.0,0.0,1.0,1.0
2016-07-25 08:00:00,4500,18.5,65.3,18.5,70.5,17.0,2.0,0.0,0.0,1.0
2016-07-26 03:00:00,64,16.0,60.8,16.0,77.0,12.0,1.0,0.0,0.0,1.0
2016-07-26 18:00:00,4688,22.0,71.6,22.0,53.0,15.0,1.0,0.0,0.0,1.0
2016-07-28 02:00:00,157,18.0,64.4,18.0,66.0,8.0,2.0,0.0,0.0,1.0
2016-07-28 04:00:00,82,17.0,62.6,17.0,64.0,9.0,2.0,0.0,0.0,1.0
2016-07-28 05:00:00,174,16.0,60.8,16.0,72.0,6.5,3.0,0.0,0.0,1.0
2016-07-28 11:00:00,1341,22.0,71.6,22.0,50.0,16.0,2.0,0.0,0.0,1.0
2016-07-30 19:00:00,2671,21.5,70.7,21.0,47.0,13.0,1.0,0.0,1.0,1.0
2016-08-02 10:00:00,1017,20.0,68.0,20.0,83.0,17.0,3.0,0.0,0.0,1.0
2016-08-02 17:00:00,3367,21.0,69.8,21.0,83.0,20.0,7.0,0.0,0.0,1.0
2016-08-03 02:00:00,136,20.0,68.0,20.0,83.0,23.0,4.0,0.0,0.0,1.0
2016-08-04 15:00:00,1845,22.0,71.6,22.0,50.0,26.0,1.0,0.0,0.0,1.0
2016-08-05 15:00:00,2334,24.0,75.2,23.0,39.0,15.0,1.0,0.0,0.0,1.0
2016-08-05 22:00:00,1003,20.0,68.0,20.0,62.0,19.5,1.0,0.0,0.0,1.0
2016-08-06 08:00:00,684,18.5,65.3,18.5,66.0,11.0,1.0,0.0,1.0,1.0
2016-08-07 20:00:00,1853,21.5,70.7,21.5,51.5,32.5,1.0,0.0,1.0,1.0
2016-08-07 21:00:00,1121,20.0,68.0,20.0,56.0,31.0,1.0,0.0,1.0,1.0
2016-08-08 17:00:00,4714,20.0,68.0,20.0,43.0,19.0,1.0,0.0,0.0,1.0
2016-08-09 01:00:00,133,16.0,60.8,16.0,48.0,12.0,1.0,0.0,0.0,1.0
2016-08-09 04:00:00,55,14.0,57.2,14.0,72.0,12.0,1.0,0.0,0.0,1.0
2016-08-09 17:00:00,4447,20.0,68.0,20.0,39.0,19.5,1.0,0.0,0.0,1.0
2016-08-10 02:00:00,57,13.5,56.3,13.5,69.5,15.0,1.0,0.0,0.0,1.0
2016-08-11 02:00:00,115,16.5,61.7,16.5,70.0,17.0,7.0,0.0,0.0,1.0
2016-08-11 14:00:00,1799,22.5,72.5,22.5,51.5,23.0,2.0,0.0,0.0,1.0
2016-08-12 20:00:00,1902,22.0,71.6,22.0,56.5,27.0,1.0,0.0,0.0,1.0
2016-08-13 15:00:00,3781,24.0,75.2,24.0,52.0,21.0,2.0,0.0,1.0,1.0
2016-08-14 12:00:00,3066,20.5,68.9,20.5,46.0,8.5,3.0,0.0,1.0,1.0
2016-08-16 17:00:00,4775,21.0,69.8,21.0,57.0,23.0,2.0,0.0,0.0,1.0
2016-08-17 14:00:00,1807,24.5,76.1,24.5,43.0,17.0,1.0,0.0,0.0,1.0
2016-08-18 10:00:00,1256,21.5,70.7,21.5,65.0,10.0,2.0,0.0,0.0,1.0
2016-08-18 17:00:00,4391,23.0,73.4,22.0,41.0,18.5,1.0,0.0,0.0,1.0
2016-08-18 22:00:00,898,18.0,64.4,18.0,83.0,12.0,1.0,0.0,0.0,1.0
2016-08-19 14:00:00,1055,19.5,67.1,19.5,80.5,15.0,3.0,0.0,0.0,1.0
2016-08-19 21:00:00,837,17.5,63.5,17.5,83.0,13.0,2.0,0.0,0.0,1.0
2016-08-20 02:00:00,287,17.0,62.6,17.0,77.0,17.0,2.0,0.0,1.0,1.0
2016-08-21 09:00:00,830,18.0,64.4,18.0,70.5,26.0,3.0,0.0,1.0,1.0
2016-08-21 12:00:00,2281,20.0,68.0,20.0,60.5,28.0,3.0,0.0,1.0,1.0
2016-08-21 16:00:00,2906,22.0,71.6,22.0,50.0,28.0,3.0,0.0,1.0,1.0
2016-08-21 20:00:00,803,17.5,63.5,17.5,80.5,16.0,3.0,0.0,1.0,1.0
2016-08-22 11:00:00,1163,21.0,69.8,21.0,64.0,26.0,2.0,0.0,0.0,1.0
2016-08-23 01:00:00,201,17.5,63.5,17.5,80.5,5.0,1.0,0.0,0.0,1.0
2016-08-23 11:00:00,1276,27.5,81.5,27.5,42.0,14.0,1.0,0.0,0.0,1.0
2016-08-23 22:00:00,1045,22.5,72.5,22.5,71.0,11.0,1.0,0.0,0.0,1.0
2016-08-24 09:00:00,2376,25.0,77.0,25.0,59.0,5.5,1.0,0.0,0.0,1.0
2016-08-26 19:00:00,2447,25.5,77.9,25.5,35.0,8.0,1.0,0.0,0.0,1.0
2016-08-27 14:00:00,2533,24.0,75.2,24.0,61.0,30.0,2.0,0.0,1.0,1.0
2016-08-27 16:00:00,2822,23.5,74.3,23.5,63.0,28.5,1.0,0.0,1.0,1.0
2016-08-28 18:00:00,2073,20.5,68.9,20.5,71.0,23.0,2.0,0.0,1.0,1.0
2016-08-28 19:00:00,1777,20.0,68.0,20.0,73.0,19.0,2.0,0.0,1.0,1.0
2016-08-29 07:00:00,286,16.5,61.7,16.5,78.0,7.0,2.0,1.0,0.0,1.0
2016-08-30 09:00:00,2030,20.5,68.9,20.5,58.5,6.0,1.0,0.0,0.0,1.0
2016-08-31 10:00:00,1208,20.5,68.9,20.5,56.5,16.0,1.0,0.0,0.0,1.0
2016-08-31 20:00:00,1515,21.0,69.8,21.0,69.0,23.0,2.0,0.0,0.0,1.0
2016-08-31 21:00:00,1134,20.0,68.0,20.0,71.0,19.0,2.0,0.0,0.0,1.0
2016-09-01 01:00:00,186,17.0,62.6,17.0,73.0,16.0,1.0,0.0,0.0,2.0
2016-09-01 08:00:00,4631,16.5,61.7,16.5,75.0,9.0,2.0,0.0,0.0,2.0
2016-09-01 15:00:00,1897,23.5,74.3,23.5,44.0,14.0,1.0,0.0,0.0,2.0
2016-09-03 13:00:00,2382,20.0,68.0,20.0,64.0,24.0,4.0,0.0,1.0,2.0
2016-09-04 18:00:00,2065,20.0,68.0,20.0,60.0,19.5,2.0,0.0,1.0,2.0
2016-09-04 21:00:00,1127,19.0,66.2,19.0,68.0,17.0,2.0,0.0,1.0,2.0
2016-09-05 10:00:00,874,17.0,62.6,17.0,88.0,10.0,3.0,0.0,0.0,2.0
2016-09-05 17:00:00,4014,22.5,72.5,22.5,73.5,12.0,3.0,0.0,0.0,2.0
2016-09-08 06:00:00,810,18.0,64.4,18.0,78.0,6.5,1.0,0.0,0.0,2.0
2016-09-10 09:00:00,840,20.0,68.0,20.0,78.0,17.0,3.0,0.0,1.0,2.0
2016-09-10 18:00:00,761,19.0,66.2,19.0,88.0,19.5,7.0,0.0,1.0,2.0
2016-09-11 22:00:00,765,16.0,60.8,16.0,65.5,8.0,1.0,0.0,1.0,2.0
2016-09-12 10:00:00,1179,22.0,71.6,22.0,59.0,17.0,2.0,0.0,0.0,2.0
2016-09-12 13:00:00,1623,25.0,77.0,25.0,51.0,18.0,2.0,0.0,0.0,2.0
2016-09-12 17:00:00,4861,25.0,77.0,25.0,51.0,11.0,1.0,0.0,0.0,2.0
2016-09-13 00:00:00,261,21.0,69.8,21.0,73.0,15.0,1.0,0.0,0.0,2.0
2016-09-15 03:00:00,81,18.5,65.3,18.5,80.5,2.0,1.0,0.0,0.0,2.0
2016-09-15 13:00:00,1908,28.5,83.3,28.5,46.5,11.0,1.0,0.0,0.0,2.0
2016-09-16 04:00:00,79,19.0,66.2,19.0,83.0,17.0,7.0,0.0,0.0,2.0
2016-09-16 22:00:00,758,15.5,59.9,15.5,70.0,22.0,1.0,0.0,0.0,2.0
2016-09-17 09:00:00,968,14.5,58.1,14.5,79.5,22.0,4.0,0.0,1.0,2.0
2016-09-19 04:00:00,72,17.0,62.6,17.0,73.0,6.0,4.0,0.0,0.0,2.0
2016-09-21 07:00:00,2822,15.0,59.0,15.0,88.0,6.0,1.0,0.0,0.0,2.0
2016-09-21 09:00:00,2518,16.5,61.7,16.5,85.5,8.0,2.0,0.0,0.0,2.0
2016-09-24 02:00:00,342,14.5,58.1,14.5,74.5,6.5,2.0,0.0,1.0,2.0
2016-09-24 11:00:00,2397,21.0,69.8,21.0,53.0,22.0,1.0,0.0,1.0,2.0
2016-09-25 08:00:00,397,16.5,61.7,16.5,83.0,21.0,3.0,0.0,1.0,2.0
2016-09-26 08:00:00,4525,14.5,58.1,14.5,74.5,8.5,2.0,0.0,0.0,2.0
2016-09-27 06:00:00,883,14.5,58.1,14.5,74.5,10.0,2.0,0.0,0.0,2.0
2016-09-28 12:00:00,1700,21.0,69.8,21.0,57.0,25.0,2.0,0.0,0.0,2.0
2016-09-29 02:00:00,106,19.0,66.2,19.0,78.0,24.0,4.0,0.0,0.0,2.0
2016-10-01 10:00:00,590,14.0,57.2,14.0,82.0,7.5,7.0,0.0,1.0,2.0
2016-10-01 23:00:00,475,11.0,51.8,11.0,88.0,11.0,2.0,0.0,1.0,2.0
2016-10-02 04:00:00,105,11.0,51.8,11.0,88.0,15.0,3.0,0.0,1.0,2.0
2016-10-03 22:00:00,553,13.5,56.3,13.5,74.5,2.0,2.0,0.0,0.0,2.0
2016-10-04 12:00:00,1520,17.5,63.5,17.5,62.0,30.0,2.0,0.0,0.0,2.0
2016-10-05 02:00:00,67,14.5,58.1,14.5,70.0,25.0,1.0,0.0,0.0,2.0
2016-10-05 14:00:00,1425,16.0,60.8,16.0,50.0,39.0,2.0,0.0,0.0,2.0
2016-10-07 16:00:00,2316,15.0,59.0,15.0,72.0,13.0,4.0,0.0,0.0,2.0
2016-10-09 03:00:00,264,11.0,51.8,11.0,77.0,10.0,1.0,0.0,1.0,2.0
2016-10-10 01:00:00,88,9.5,49.1,9.0,84.5,6.0,1.0,0.0,0.0,2.0
2016-10-10 03:00:00,45,9.0,48.2,9.0,84.5,4.0,1.0,0.0,0.0,2.0
2016-10-10 19:00:00,1901,11.0,51.8,11.0,74.5,6.0,1.0,0.0,0.0,2.0
2016-10-10 20:00:00,1185,10.5,50.9,10.0,74.0,7.0,1.0,0.0,0.0,2.0
2016-10-12 17:00:00,3866,14.0,57.2,14.0,63.0,21.0,2.0,0.0,0.0,2.0
2016-10-14 02:00:00,109,11.0,51.8,11.0,77.0,6.5,1.0,0.0,0.0,2.0
2016-10-14 03:00:00,73,11.5,52.7,11.5,74.5,13.0,2.0,0.0,0.0,2.0
2016-10-14 04:00:00,69,11.0,51.8,11.0,77.0,11.0,1.0,0.0,0.0,2.0
2016-10-14 08:00:00,4312,10.0,50.0,10.0,82.0,5.0,3.0,0.0,0.0,2.0
2016-10-14 15:00:00,1577,14.0,57.2,14.0,63.0,19.5,3.0,0.0,0.0,2.0
2016-10-15 08:00:00,545,11.5,52.7,11.5,85.0,2.0,2.0,0.0,1.0,2.0
2016-10-15 10:00:00,1524,14.0,57.2,14.0,72.0,10.0,3.0,0.0,1.0,2.0
2016-10-16 12:00:00,1709,16.5,61.7,16.5,72.5,22.0,7.0,0.0,1.0,2.0
2016-10-17 07:00:00,2301,13.0,55.4,13.0,82.0,9.0,1.0,0.0,0.0,2.0
2016-10-18 16:00:00,1983,13.5,56.3,13.5,49.5,28.0,2.0,0.0,0.0,2.0
2016-10-18 17:00:00,3944,13.0,55.4,13.0,49.0,29.5,2.0,0.0,0.0,2.0
2016-10-19 07:00:00,2517,11.0,51.8,11.0,77.0,22.0,1.0,0.0,0.0,2.0
2016-10-19 12:00:00,1457,13.0,55.4,13.0,67.0,20.5,2.0,0.0,0.0,2.0
2016-10-19 23:00:00,471,11.0,51.8,11.0,77.0,15.0,2.0,0.0,0.0,2.0
2016-10-20 21:00:00,820,11.0,51.8,11.0,82.0,13.0,3.0,0.0,0.0,2.0
2016-10-21 05:00:00,142,10.0,50.0,8.0,88.0,14.0,1.0,0.0,0.0,2.0
2016-10-22 13:00:00,2422,13.5,56.3,13.5,65.0,11.0,2.0,0.0,1.0,2.0
2016-10-23 08:00:00,319,8.0,46.4,7.0,87.0,6.0,2.0,0.0,1.0,2.0
2016-10-24 00:00:00,202,10.0,50.0,9.0,82.0,8.0,2.0,0.0,0.0,2.0
2016-10-24 17:00:00,3805,13.0,55.4,13.0,72.0,14.0,1.0,0.0,0.0,2.0
2016-10-25 04:00:00,50,11.0,51.8,11.0,82.0,5.0,4.0,0.0,0.0,2.0
2016-10-25 07:00:00,2260,10.0,50.0,10.0,82.0,6.0,3.0,0.0,0.0,2.0
2016-10-26 14:00:00,1482,16.5,61.7,16.5,63.5,22.0,2.0,0.0,0.0,2.0
2016-10-26 22:00:00,808,13.0,55.4,13.0,85.0,11.0,2.0,0.0,0.0,2.0
2016-10-27 08:00:00,4357,11.0,51.8,11.0,88.0,14.0,3.0,0.0,0.0,2.0
2016-10-27 09:00:00,2266,10.5,50.9,9.5,91.0,16.0,3.0,0.0,0.0,2.0
2016-10-27 13:00:00,1596,15.0,59.0,15.0,63.0,21.0,2.0,0.0,0.0,2.0
2016-10-28 00:00:00,331,14.0,57.2,14.0,72.0,24.0,4.0,0.0,0.0,2.0
2016-10-28 11:00:00,1392,16.0,60.8,16.0,68.0,14.0,2.0,0.0,0.0,2.0
2016-10-28 22:00:00,836,14.5,58.1,14.5,82.5,5.5,4.0,0.0,0.0,2.0
2016-10-29 21:00:00,809,12.0,53.6,12.0,94.0,5.0,1.0,0.0,1.0,2.0
2016-10-29 22:00:00,698,12.0,53.6,12.0,94.0,0.0,1.0,0.0,1.0,2.0
2016-10-31 07:00:00,2468,10.0,50.0,10.0,100.0,6.0,4.0,0.0,0.0,2.0
2016-11-01 13:00:00,1314,13.0,55.4,13.0,82.0,12.0,7.0,0.0,0.0,2.0
2016-11-01 16:00:00,1643,12.0,53.6,12.0,82.0,16.0,3.0,0.0,0.0,2.0
2016-11-02 08:00:00,4783,7.5,45.5,5.0,73.5,13.0,1.0,0.0,0.0,2.0
2016-11-03 06:00:00,735,4.0,39.2,2.0,87.0,8.0,1.0,0.0,0.0,2.0
2016-11-04 09:00:00,2195,10.5,50.9,9.5,71.5,12.0,1.0,0.0,0.0,2.0
2016-11-06 03:00:00,137,4.0,39.2,0.0,70.0,17.0,1.0,0.0,1.0,2.0
2016-11-07 09:00:00,1578,7.5,45.5,4.0,73.5,23.0,2.0,0.0,0.0,2.0
2016-11-07 22:00:00,189,4.5,40.1,2.0,84.0,10.0,1.0,0.0,0.0,2.0
2016-11-08 13:00:00,1024,6.5,43.7,4.0,61.5,13.0,1.0,0.0,0.0,2.0
2016-11-08 16:00:00,1564,6.0,42.8,4.0,66.0,8.0,1.0,0.0,0.0,2.0
2016-11-10 09:00:00,2108,8.0,46.4,5.0,87.0,19.0,2.0,0.0,0.0,2.0
2016-11-11 20:00:00,812,7.0,44.6,4.0,76.0,16.0,2.0,0.0,0.0,2.0
2016-11-12 07:00:00,121,9.0,48.2,6.5,79.0,16.0,7.0,0.0,1.0,2.0
2016-11-12 12:00:00,536,10.0,50.0,8.0,88.0,11.0,7.0,0.0,1.0,2.0
2016-11-12 21:00:00,357,10.5,50.9,9.5,94.0,11.0,4.0,0.0,1.0,2.0
2016-11-13 02:00:00,236,9.0,48.2,8.0,87.0,8.0,2.0,0.0,1.0,2.0
2016-11-13 04:00:00,108,8.0,46.4,7.0,87.0,6.5,1.0,0.0,1.0,2.0
2016-11-14 13:00:00,774,12.5,54.5,12.5,85.0,20.0,3.0,0.0,0.0,2.0
2016-11-14 21:00:00,735,13.0,55.4,13.0,88.0,18.5,3.0,0.0,0.0,2.0
2016-11-15 07:00:00,2305,13.0,55.4,13.0,94.0,17.5,4.0,0.0,0.0,2.0
2016-11-15 17:00:00,3308,15.0,59.0,15.0,88.0,14.0,3.0,0.0,0.0,2.0
2016-11-15 20:00:00,994,14.0,57.2,14.0,88.0,18.0,3.0,0.0,0.0,2.0
2016-11-15 22:00:00,640,14.0,57.2,14.0,88.0,18.0,3.0,0.0,0.0,2.0
2016-11-17 03:00:00,56,9.5,49.1,7.0,76.5,19.0,7.0,0.0,0.0,2.0
2016-11-17 07:00:00,2231,9.0,48.2,6.0,71.0,18.0,2.0,0.0,0.0,2.0
2016-11-18 05:00:00,117,5.0,41.0,1.5,81.0,18.0,1.0,0.0,0.0,2.0
2016-11-18 07:00:00,1935,5.0,41.0,1.0,76.0,24.0,1.0,0.0,0.0,2.0
2016-11-18 11:00:00,944,7.0,44.6,3.5,66.0,20.5,2.0,0.0,0.0,2.0
2016-11-18 14:00:00,1182,8.0,46.4,5.0,64.0,21.0,2.0,0.0,0.0,2.0
2016-11-18 17:00:00,2774,6.0,42.8,4.0,73.5,11.0,1.0,0.0,0.0,2.0
2016-11-18 22:00:00,526,5.0,41.0,2.0,76.0,11.0,1.0,0.0,0.0,2.0
2016-11-19 07:00:00,254,4.0,39.2,0.0,81.0,17.0,1.0,0.0,1.0,2.0
2016-11-19 22:00:00,296,6.0,42.8,3.0,93.0,19.0,7.0,0.0,1.0,2.0
2016-11-20 02:00:00,61,8.0,46.4,4.0,93.0,30.5,26.0,0.0,1.0,2.0
2016-11-20 08:00:00,238,9.0,48.2,5.0,87.0,32.0,3.0,0.0,1.0,2.0
2016-11-22 04:00:00,23,10.0,50.0,7.0,85.0,24.0,7.0,0.0,0.0,2.0
2016-11-22 15:00:00,1136,11.0,51.8,11.0,74.5,19.5,3.0,0.0,0.0,2.0
2016-11-23 00:00:00,160,9.0,48.2,8.5,82.0,6.5,3.0,0.0,0.0,2.0
2016-11-23 01:00:00,88,9.0,48.2,9.0,82.0,2.0,2.0,0.0,0.0,2.0
2016-11-23 18:00:00,3081,10.0,50.0,7.5,82.0,19.5,3.0,0.0,0.0,2.0
2016-11-24 07:00:00,2105,10.0,50.0,8.0,82.0,19.0,3.0,0.0,0.0,2.0
2016-11-24 09:00:00,2223,11.0,51.8,11.0,77.0,20.5,3.0,0.0,0.0,2.0
2016-11-25 00:00:00,221,8.0,46.4,5.0,76.0,18.5,1.0,0.0,0.0,2.0
2016-11-25 05:00:00,109,7.0,44.6,4.0,76.0,17.0,1.0,0.0,0.0,2.0
2016-11-27 04:00:00,86,6.0,42.8,6.0,93.0,2.0,7.0,0.0,1.0,2.0
2016-11-27 12:00:00,1461,9.0,48.2,6.0,66.0,20.0,3.0,0.0,1.0,2.0
2016-11-28 03:00:00,27,8.0,46.4,5.0,62.0,15.0,4.0,0.0,0.0,2.0
2016-11-28 09:00:00,2200,7.5,45.5,5.0,59.5,14.0,1.0,0.0,0.0,2.0
2016-11-29 01:00:00,46,1.5,34.7,1.5,84.0,3.0,1.0,0.0,0.0,2.0
2016-11-30 15:00:00,1127,6.5,43.7,4.0,63.5,12.0,1.0,0.0,0.0,2.0
2016-11-30 17:00:00,2844,5.0,41.0,2.0,66.0,13.0,1.0,0.0,0.0,2.0
2016-11-30 19:00:00,1560,4.5,40.1,1.5,63.0,13.0,1.0,0.0,0.0,2.0
2016-12-02 04:00:00,48,6.0,42.8,4.0,81.0,10.0,4.0,0.0,0.0,3.0
2016-12-02 12:00:00,1203,8.0,46.4,7.0,82.0,6.0,4.0,0.0,0.0,3.0
2016-12-02 22:00:00,589,7.0,44.6,6.0,93.0,7.0,4.0,0.0,0.0,3.0
2016-12-03 01:00:00,387,6.0,42.8,6.0,87.0,2.0,4.0,0.0,1.0,3.0
2016-12-03 03:00:00,158,6.0,42.8,5.0,87.0,5.5,4.0,0.0,1.0,3.0
2016-12-03 11:00:00,1489,9.0,48.2,5.5,64.0,27.0,2.0,0.0,1.0,3.0
2016-12-03 23:00:00,414,5.0,41.0,2.0,81.0,13.0,1.0,0.0,1.0,3.0
2016-12-04 13:00:00,1623,8.0,46.4,4.0,59.5,28.0,1.0,0.0,1.0,3.0
2016-12-05 05:00:00,115,1.0,33.8,-1.0,93.0,6.0,1.0,0.0,0.0,3.0
2016-12-05 13:00:00,1031,7.0,44.6,5.0,81.0,12.0,1.0,0.0,0.0,3.0
2016-12-06 09:00:00,2165,5.0,41.0,5.0,100.0,3.0,2.0,0.0,0.0,3.0
2016-12-06 15:00:00,1132,9.5,49.1,9.5,91.0,4.0,4.0,0.0,0.0,3.0
2016-12-07 11:00:00,1049,13.5,56.3,13.5,79.5,16.0,1.0,0.0,0.0,3.0
2016-12-07 15:00:00,1256,13.0,55.4,13.0,77.0,12.0,1.0,0.0,0.0,3.0
2016-12-07 17:00:00,3011,13.0,55.4,13.0,77.0,14.0,1.0,0.0,0.0,3.0
2016-12-08 00:00:00,226,12.0,53.6,12.0,82.0,13.0,1.0,0.0,0.0,3.0
2016-12-08 06:00:00,637,12.0,53.6,12.0,82.0,12.0,2.0,0.0,0.0,3.0
2016-12-08 09:00:00,2450,12.5,54.5,12.5,79.5,19.5,3.0,0.0,0.0,3.0
2016-12-08 13:00:00,1031,14.0,57.2,14.0,82.0,25.0,4.0,0.0,0.0,3.0
2016-12-09 07:00:00,1822,13.0,55.4,13.0,88.0,14.0,3.0,0.0,0.0,3.0
2016-12-11 15:00:00,1719,10.0,50.0,8.0,76.0,17.0,1.0,0.0,1.0,3.0
2016-12-12 08:00:00,3982,5.5,41.9,3.5,96.5,9.0,2.0,0.0,0.0,3.0
2016-12-12 23:00:00,333,11.0,51.8,11.0,88.0,15.0,4.0,0.0,0.0,3.0
2016-12-13 12:00:00,919,13.0,55.4,13.0,94.0,15.0,3.0,0.0,0.0,3.0
2016-12-16 13:00:00,1361,10.0,50.0,9.5,85.0,7.5,4.0,0.0,0.0,3.0
2016-12-16 18:00:00,2184,10.0,50.0,9.5,82.0,7.5,4.0,0.0,0.0,3.0
2016-12-18 10:00:00,848,8.0,46.4,6.0,93.0,11.0,4.0,0.0,1.0,3.0
2016-12-18 21:00:00,435,8.0,46.4,7.0,87.0,6.5,4.0,0.0,1.0,3.0
2016-12-19 11:00:00,800,7.0,44.6,7.0,93.0,4.0,7.0,0.0,0.0,3.0
2016-12-20 08:00:00,3626,5.0,41.0,3.0,81.0,10.5,1.0,0.0,0.0,3.0
2016-12-21 11:00:00,891,11.0,51.8,11.0,88.0,20.0,4.0,0.0,0.0,3.0
2016-12-26 12:00:00,1138,9.0,48.2,5.0,54.0,32.0,1.0,1.0,0.0,3.0
2016-12-27 09:00:00,437,3.0,37.4,0.0,87.0,12.0,1.0,1.0,0.0,3.0
2016-12-29 09:00:00,746,1.5,34.7,0.5,96.5,5.0,1.0,0.0,0.0,3.0
2016-12-30 00:00:00,122,0.5,32.9,0.5,96.5,3.0,7.0,0.0,0.0,3.0
2016-12-30 16:00:00,898,4.0,39.2,1.5,100.0,11.0,4.0,0.0,0.0,3.0
